Date,AverageTemperature,AverageTemperatureUncertainty,State,Country
1900-01-01,-13.11,0.668,Moskva,Russia
1900-02-01,-10.575,0.776,Moskva,Russia
1900-03-01,-4.537,0.649,Moskva,Russia
1900-04-01,2.285,0.382,Moskva,Russia
1900-05-01,9.983,0.388,Moskva,Russia
1900-06-01,13.875,0.559,Moskva,Russia
1900-07-01,17.437,0.698,Moskva,Russia
1900-08-01,17.866,0.716,Moskva,Russia
1900-09-01,9.294,0.636,Moskva,Russia
1900-10-01,5.766,0.672,Moskva,Russia
1900-11-01,-3.68,0.558,Moskva,Russia
1900-12-01,-6.55,0.648,Moskva,Russia
1901-01-01,-7.518,0.709,Moskva,Russia
1901-02-01,-8.814,0.895,Moskva,Russia
1901-03-01,-4.201,0.477,Moskva,Russia
1901-04-01,5.078,0.878,Moskva,Russia
1901-05-01,11.272,0.536,Moskva,Russia
1901-06-01,20.117,0.68,Moskva,Russia
1901-07-01,18.034,0.442,Moskva,Russia
1901-08-01,18.586,0.536,Moskva,Russia
1901-09-01,9.794,0.635,Moskva,Russia
1901-10-01,4.786,0.423,Moskva,Russia
1901-11-01,-3.547,0.866,Moskva,Russia
1901-12-01,-9.093,0.503,Moskva,Russia
1902-01-01,-8.049,0.997,Moskva,Russia
1902-02-01,-8.066,0.714,Moskva,Russia
1902-03-01,-3.979,0.622,Moskva,Russia
1902-04-01,0.759,0.526,Moskva,Russia
1902-05-01,11.079,0.63,Moskva,Russia
1902-06-01,16.058,0.62,Moskva,Russia
1902-07-01,16.948,0.577,Moskva,Russia
1902-08-01,15.013,0.637,Moskva,Russia
1902-09-01,8.621,0.583,Moskva,Russia
1902-10-01,1.555,0.597,Moskva,Russia
1902-11-01,-6.221,0.654,Moskva,Russia
1902-12-01,-12.224,0.888,Moskva,Russia
1903-01-01,-8.186,0.725,Moskva,Russia
1903-02-01,-4.597,0.681,Moskva,Russia
1903-03-01,-2.064,0.782,Moskva,Russia
1903-04-01,8.126,0.487,Moskva,Russia
1903-05-01,12.209,0.414,Moskva,Russia
1903-06-01,18.494,0.741,Moskva,Russia
1903-07-01,18.878,0.616,Moskva,Russia
1903-08-01,16.135,0.485,Moskva,Russia
1903-09-01,11.207,0.52,Moskva,Russia
1903-10-01,1.102,0.446,Moskva,Russia
1903-11-01,-0.689,0.577,Moskva,Russia
1903-12-01,-7.866,0.681,Moskva,Russia
1904-01-01,-8.111,0.714,Moskva,Russia
1904-02-01,-5.7,0.756,Moskva,Russia
1904-03-01,-5.97,0.469,Moskva,Russia
1904-04-01,3.481,0.447,Moskva,Russia
1904-05-01,9.366,0.546,Moskva,Russia
1904-06-01,12.59,0.647,Moskva,Russia
1904-07-01,15.053,0.523,Moskva,Russia
1904-08-01,15.043,0.696,Moskva,Russia
1904-09-01,8.811,0.82,Moskva,Russia
1904-10-01,5.126,0.464,Moskva,Russia
1904-11-01,-2.481,0.411,Moskva,Russia
1904-12-01,-7.695,0.611,Moskva,Russia
1905-01-01,-12.259,0.894,Moskva,Russia
1905-02-01,-6.749,0.688,Moskva,Russia
1905-03-01,-4.475,0.59,Moskva,Russia
1905-04-01,3.646,0.468,Moskva,Russia
1905-05-01,14.306,0.672,Moskva,Russia
1905-06-01,17.642,0.49,Moskva,Russia
1905-07-01,16.947,0.537,Moskva,Russia
1905-08-01,15.944,0.458,Moskva,Russia
1905-09-01,10.516,0.457,Moskva,Russia
1905-10-01,5.346,0.566,Moskva,Russia
1905-11-01,-0.527,0.402,Moskva,Russia
1905-12-01,-5.685,0.598,Moskva,Russia
1906-01-01,-7.526,0.746,Moskva,Russia
1906-02-01,-8.407,0.501,Moskva,Russia
1906-03-01,-2.359,0.526,Moskva,Russia
1906-04-01,7.084,0.407,Moskva,Russia
1906-05-01,17.184,0.996,Moskva,Russia
1906-06-01,17.043,0.457,Moskva,Russia
1906-07-01,19.39,0.726,Moskva,Russia
1906-08-01,15.159,0.472,Moskva,Russia
1906-09-01,8.125,0.515,Moskva,Russia
1906-10-01,3.5,0.492,Moskva,Russia
1906-11-01,-1.562,0.481,Moskva,Russia
1906-12-01,-7.207,0.599,Moskva,Russia
1907-01-01,-15.076,0.633,Moskva,Russia
1907-02-01,-10.036,0.414,Moskva,Russia
1907-03-01,-3.783,0.408,Moskva,Russia
1907-04-01,3.442,0.566,Moskva,Russia
1907-05-01,10.1,0.488,Moskva,Russia
1907-06-01,15.827,0.592,Moskva,Russia
1907-07-01,18.248,0.443,Moskva,Russia
1907-08-01,14.67,0.466,Moskva,Russia
1907-09-01,9.917,0.412,Moskva,Russia
1907-10-01,5.602,0.85,Moskva,Russia
1907-11-01,-6.447,0.438,Moskva,Russia
1907-12-01,-13.893,0.704,Moskva,Russia
1908-01-01,-11.462,0.623,Moskva,Russia
1908-02-01,-8.129,0.495,Moskva,Russia
1908-03-01,-7.05,0.51,Moskva,Russia
1908-04-01,3.263,0.685,Moskva,Russia
1908-05-01,9.259,0.542,Moskva,Russia
1908-06-01,15.145,0.46,Moskva,Russia
1908-07-01,17.371,0.601,Moskva,Russia
1908-08-01,15.352,0.439,Moskva,Russia
1908-09-01,10.571,0.503,Moskva,Russia
1908-10-01,2.187,0.532,Moskva,Russia
1908-11-01,-6.726,0.821,Moskva,Russia
1908-12-01,-9.696,0.801,Moskva,Russia
1909-01-01,-10.331,0.852,Moskva,Russia
1909-02-01,-11.684,1.275,Moskva,Russia
1909-03-01,-5.458,0.812,Moskva,Russia
1909-04-01,1.902,0.495,Moskva,Russia
1909-05-01,8.773,0.528,Moskva,Russia
1909-06-01,15.307,0.553,Moskva,Russia
1909-07-01,16.548,0.492,Moskva,Russia
1909-08-01,16.085,0.493,Moskva,Russia
1909-09-01,14.193,0.569,Moskva,Russia
1909-10-01,7.231,1.091,Moskva,Russia
1909-11-01,-2.429,0.506,Moskva,Russia
1909-12-01,-4.815,0.803,Moskva,Russia
1910-01-01,-7.592,0.625,Moskva,Russia
1910-02-01,-6.804,0.592,Moskva,Russia
1910-03-01,-2.03,0.632,Moskva,Russia
1910-04-01,7.059,0.432,Moskva,Russia
1910-05-01,12.887,0.431,Moskva,Russia
1910-06-01,16.143,0.426,Moskva,Russia
1910-07-01,18.672,0.375,Moskva,Russia
1910-08-01,14.671,0.396,Moskva,Russia
1910-09-01,10.6,0.675,Moskva,Russia
1910-10-01,1.749,0.395,Moskva,Russia
1910-11-01,-2.008,0.45,Moskva,Russia
1910-12-01,-3.569,0.676,Moskva,Russia
1911-01-01,-11.26,0.592,Moskva,Russia
1911-02-01,-14.671,0.533,Moskva,Russia
1911-03-01,-5.567,0.582,Moskva,Russia
1911-04-01,4.381,0.61,Moskva,Russia
1911-05-01,12.464,0.431,Moskva,Russia
1911-06-01,15.22,0.473,Moskva,Russia
1911-07-01,16.21,0.491,Moskva,Russia
1911-08-01,16.651,0.47,Moskva,Russia
1911-09-01,9.501,0.469,Moskva,Russia
1911-10-01,3.311,0.411,Moskva,Russia
1911-11-01,0.607,0.395,Moskva,Russia
1911-12-01,-6.711,0.615,Moskva,Russia
1912-01-01,-15.129,0.733,Moskva,Russia
1912-02-01,-13.275,0.533,Moskva,Russia
1912-03-01,-0.27,0.545,Moskva,Russia
1912-04-01,2.451,0.507,Moskva,Russia
1912-05-01,9.119,0.52,Moskva,Russia
1912-06-01,18.383,0.53,Moskva,Russia
1912-07-01,15.528,0.477,Moskva,Russia
1912-08-01,16.834,0.436,Moskva,Russia
1912-09-01,10.432,0.505,Moskva,Russia
1912-10-01,-0.505,0.6,Moskva,Russia
1912-11-01,-2.086,0.498,Moskva,Russia
1912-12-01,-3.992,0.448,Moskva,Russia
1913-01-01,-9.408,0.552,Moskva,Russia
1913-02-01,-10.568,0.578,Moskva,Russia
1913-03-01,-1.329,0.493,Moskva,Russia
1913-04-01,8.704,0.652,Moskva,Russia
1913-05-01,9.122,0.602,Moskva,Russia
1913-06-01,14.131,0.562,Moskva,Russia
1913-07-01,17.854,0.456,Moskva,Russia
1913-08-01,18.478,0.553,Moskva,Russia
1913-09-01,11.516,0.462,Moskva,Russia
1913-10-01,2.074,0.515,Moskva,Russia
1913-11-01,1.529,0.676,Moskva,Russia
1913-12-01,-4.915,0.524,Moskva,Russia
1914-01-01,-10.359,0.98,Moskva,Russia
1914-02-01,-2.124,1.078,Moskva,Russia
1914-03-01,-1.606,0.517,Moskva,Russia
1914-04-01,3.173,0.626,Moskva,Russia
1914-05-01,13.129,0.666,Moskva,Russia
1914-06-01,16.658,0.633,Moskva,Russia
1914-07-01,19.75,0.418,Moskva,Russia
1914-08-01,13.838,0.522,Moskva,Russia
1914-09-01,9.172,0.469,Moskva,Russia
1914-10-01,1.664,0.414,Moskva,Russia
1914-11-01,-4.672,0.438,Moskva,Russia
1914-12-01,-4.38,0.388,Moskva,Russia
1915-01-01,-6.605,0.477,Moskva,Russia
1915-02-01,-6.254,0.77,Moskva,Russia
1915-03-01,-7.408,0.681,Moskva,Russia
1915-04-01,4.214,0.482,Moskva,Russia
1915-05-01,10.933,0.53,Moskva,Russia
1915-06-01,14.116,0.618,Moskva,Russia
1915-07-01,18.753,0.501,Moskva,Russia
1915-08-01,14.402,0.492,Moskva,Russia
1915-09-01,10.623,0.415,Moskva,Russia
1915-10-01,2.153,0.437,Moskva,Russia
1915-11-01,-2.786,0.976,Moskva,Russia
1915-12-01,-10.395,0.802,Moskva,Russia
1916-01-01,-6.482,0.501,Moskva,Russia
1916-02-01,-5.4,0.639,Moskva,Russia
1916-03-01,-5.011,0.815,Moskva,Russia
1916-04-01,5.4,0.456,Moskva,Russia
1916-05-01,9.722,0.61,Moskva,Russia
1916-06-01,15.317,0.533,Moskva,Russia
1916-07-01,17.766,0.786,Moskva,Russia
1916-08-01,14.035,0.541,Moskva,Russia
1916-09-01,8.437,0.533,Moskva,Russia
1916-10-01,3.33,0.413,Moskva,Russia
1916-11-01,-1.094,0.466,Moskva,Russia
1916-12-01,-7.639,1.171,Moskva,Russia
1917-01-01,-11.976,0.847,Moskva,Russia
1917-02-01,-17.373,0.742,Moskva,Russia
1917-03-01,-9.595,0.667,Moskva,Russia
1917-04-01,5.674,0.801,Moskva,Russia
1917-05-01,7.997,0.635,Moskva,Russia
1917-06-01,18.799,0.537,Moskva,Russia
1917-07-01,17.62,0.557,Moskva,Russia
1917-08-01,18.112,0.464,Moskva,Russia
1917-09-01,11.407,0.465,Moskva,Russia
1917-10-01,6.133,0.53,Moskva,Russia
1917-11-01,0.463,0.528,Moskva,Russia
1917-12-01,-7.927,0.56,Moskva,Russia
1918-01-01,-8.09,1.216,Moskva,Russia
1918-02-01,-7.253,1.281,Moskva,Russia
1918-03-01,-5.538,0.746,Moskva,Russia
1918-04-01,5.846,0.537,Moskva,Russia
1918-05-01,6.696,0.793,Moskva,Russia
1918-06-01,15.052,0.555,Moskva,Russia
1918-07-01,17.702,0.608,Moskva,Russia
1918-08-01,14.303,0.479,Moskva,Russia
1918-09-01,11.07,0.458,Moskva,Russia
1918-10-01,7.538,0.721,Moskva,Russia
1918-11-01,-1.79,0.707,Moskva,Russia
1918-12-01,-7.864,0.539,Moskva,Russia
1919-01-01,-9.808,0.553,Moskva,Russia
1919-02-01,-10.525,0.692,Moskva,Russia
1919-03-01,-7.528,0.795,Moskva,Russia
1919-04-01,4.695,0.857,Moskva,Russia
1919-05-01,9.116,0.575,Moskva,Russia
1919-06-01,16.755,0.504,Moskva,Russia
1919-07-01,18.934,0.567,Moskva,Russia
1919-08-01,14.522,0.529,Moskva,Russia
1919-09-01,13.159,0.573,Moskva,Russia
1919-10-01,4.797,0.524,Moskva,Russia
1919-11-01,-7.596,0.637,Moskva,Russia
1919-12-01,-8.814,0.92,Moskva,Russia
1920-01-01,-9.7,0.576,Moskva,Russia
1920-02-01,-9.598,0.859,Moskva,Russia
1920-03-01,-0.732,0.733,Moskva,Russia
1920-04-01,8.689,0.765,Moskva,Russia
1920-05-01,15.198,0.563,Moskva,Russia
1920-06-01,14.873,0.524,Moskva,Russia
1920-07-01,20.061,0.667,Moskva,Russia
1920-08-01,18.216,0.493,Moskva,Russia
1920-09-01,11.531,0.585,Moskva,Russia
1920-10-01,-0.548,0.459,Moskva,Russia
1920-11-01,-3.579,0.677,Moskva,Russia
1920-12-01,-8.892,0.926,Moskva,Russia
1921-01-01,-9.324,0.716,Moskva,Russia
1921-02-01,-10.82,0.539,Moskva,Russia
1921-03-01,0.006,0.467,Moskva,Russia
1921-04-01,9.661,0.677,Moskva,Russia
1921-05-01,15.985,0.524,Moskva,Russia
1921-06-01,17.442,0.536,Moskva,Russia
1921-07-01,15.857,0.486,Moskva,Russia
1921-08-01,16.032,0.661,Moskva,Russia
1921-09-01,9.295,0.459,Moskva,Russia
1921-10-01,2.834,0.469,Moskva,Russia
1921-11-01,-5.629,0.858,Moskva,Russia
1921-12-01,-9.295,0.492,Moskva,Russia
1922-01-01,-10.317,0.651,Moskva,Russia
1922-02-01,-9.462,0.789,Moskva,Russia
1922-03-01,-3.474,0.554,Moskva,Russia
1922-04-01,4.481,0.513,Moskva,Russia
1922-05-01,12.604,0.56,Moskva,Russia
1922-06-01,15.655,0.414,Moskva,Russia
1922-07-01,18.624,0.594,Moskva,Russia
1922-08-01,15.875,0.571,Moskva,Russia
1922-09-01,9.738,0.512,Moskva,Russia
1922-10-01,2.018,0.546,Moskva,Russia
1922-11-01,-0.871,0.715,Moskva,Russia
1922-12-01,-6.541,0.461,Moskva,Russia
1923-01-01,-7.568,0.628,Moskva,Russia
1923-02-01,-13.245,0.586,Moskva,Russia
1923-03-01,-4.588,0.759,Moskva,Russia
1923-04-01,0.714,0.498,Moskva,Russia
1923-05-01,12.453,0.466,Moskva,Russia
1923-06-01,14.965,0.514,Moskva,Russia
1923-07-01,16.524,0.647,Moskva,Russia
1923-08-01,13.533,0.467,Moskva,Russia
1923-09-01,12.412,0.487,Moskva,Russia
1923-10-01,6.646,0.505,Moskva,Russia
1923-11-01,2.422,0.619,Moskva,Russia
1923-12-01,-7.106,0.667,Moskva,Russia
1924-01-01,-12.999,0.924,Moskva,Russia
1924-02-01,-11.679,0.59,Moskva,Russia
1924-03-01,-6.259,0.538,Moskva,Russia
1924-04-01,3.173,0.573,Moskva,Russia
1924-05-01,13.174,0.538,Moskva,Russia
1924-06-01,17.611,0.557,Moskva,Russia
1924-07-01,16.411,0.485,Moskva,Russia
1924-08-01,16.052,0.532,Moskva,Russia
1924-09-01,13.225,0.453,Moskva,Russia
1924-10-01,4.3,0.494,Moskva,Russia
1924-11-01,-1.506,0.523,Moskva,Russia
1924-12-01,-7.304,0.637,Moskva,Russia
1925-01-01,-4.6,0.759,Moskva,Russia
1925-02-01,-2.723,0.665,Moskva,Russia
1925-03-01,-2.023,0.569,Moskva,Russia
1925-04-01,6.486,0.39,Moskva,Russia
1925-05-01,13.608,0.481,Moskva,Russia
1925-06-01,14.594,0.483,Moskva,Russia
1925-07-01,19.18,0.399,Moskva,Russia
1925-08-01,16.498,0.397,Moskva,Russia
1925-09-01,10.439,0.365,Moskva,Russia
1925-10-01,2.358,0.4,Moskva,Russia
1925-11-01,-2.554,0.545,Moskva,Russia
1925-12-01,-7.029,0.426,Moskva,Russia
1926-01-01,-11.886,0.401,Moskva,Russia
1926-02-01,-10.755,0.585,Moskva,Russia
1926-03-01,-5.441,0.687,Moskva,Russia
1926-04-01,1.694,0.517,Moskva,Russia
1926-05-01,12.827,0.461,Moskva,Russia
1926-06-01,16.683,0.48,Moskva,Russia
1926-07-01,16.893,0.427,Moskva,Russia
1926-08-01,13.425,0.452,Moskva,Russia
1926-09-01,10.515,0.498,Moskva,Russia
1926-10-01,2.561,0.401,Moskva,Russia
1926-11-01,2.039,0.628,Moskva,Russia
1926-12-01,-9.275,0.681,Moskva,Russia
1927-01-01,-14.173,0.476,Moskva,Russia
1927-02-01,-9.139,0.673,Moskva,Russia
1927-03-01,-3.815,0.602,Moskva,Russia
1927-04-01,3.697,0.399,Moskva,Russia
1927-05-01,9.941,0.397,Moskva,Russia
1927-06-01,16.606,0.353,Moskva,Russia
1927-07-01,18.777,0.347,Moskva,Russia
1927-08-01,18.419,0.473,Moskva,Russia
1927-09-01,11.818,0.41,Moskva,Russia
1927-10-01,3.745,0.412,Moskva,Russia
1927-11-01,-2.695,0.523,Moskva,Russia
1927-12-01,-11.808,0.771,Moskva,Russia
1928-01-01,-8.021,0.576,Moskva,Russia
1928-02-01,-12.132,0.721,Moskva,Russia
1928-03-01,-7.483,0.772,Moskva,Russia
1928-04-01,1.679,0.687,Moskva,Russia
1928-05-01,11.851,0.399,Moskva,Russia
1928-06-01,12.687,0.447,Moskva,Russia
1928-07-01,16.398,0.522,Moskva,Russia
1928-08-01,14.802,0.402,Moskva,Russia
1928-09-01,11.041,0.336,Moskva,Russia
1928-10-01,3.789,0.438,Moskva,Russia
1928-11-01,1.863,0.615,Moskva,Russia
1928-12-01,-7.11,0.541,Moskva,Russia
1929-01-01,-11.571,0.325,Moskva,Russia
1929-02-01,-19.076,0.529,Moskva,Russia
1929-03-01,-7.729,0.629,Moskva,Russia
1929-04-01,-1.809,0.943,Moskva,Russia
1929-05-01,14.253,0.655,Moskva,Russia
1929-06-01,14.062,0.372,Moskva,Russia
1929-07-01,18.172,0.509,Moskva,Russia
1929-08-01,18.514,0.43,Moskva,Russia
1929-09-01,9.19,0.398,Moskva,Russia
1929-10-01,7.366,0.353,Moskva,Russia
1929-11-01,0.573,0.479,Moskva,Russia
1929-12-01,-6.233,0.472,Moskva,Russia
1930-01-01,-5.207,0.507,Moskva,Russia
1930-02-01,-10.478,0.567,Moskva,Russia
1930-03-01,-1.188,0.49,Moskva,Russia
1930-04-01,6.312,0.646,Moskva,Russia
1930-05-01,12.365,0.399,Moskva,Russia
1930-06-01,13.225,0.581,Moskva,Russia
1930-07-01,17.292,0.373,Moskva,Russia
1930-08-01,18.747,0.318,Moskva,Russia
1930-09-01,8.608,0.351,Moskva,Russia
1930-10-01,5.013,0.351,Moskva,Russia
1930-11-01,-0.256,0.432,Moskva,Russia
1930-12-01,-10.271,0.484,Moskva,Russia
1931-01-01,-11.264,0.495,Moskva,Russia
1931-02-01,-14.776,0.603,Moskva,Russia
1931-03-01,-5.326,0.424,Moskva,Russia
1931-04-01,2.595,0.454,Moskva,Russia
1931-05-01,13.817,0.425,Moskva,Russia
1931-06-01,14.947,0.39,Moskva,Russia
1931-07-01,20.225,0.432,Moskva,Russia
1931-08-01,16.646,0.36,Moskva,Russia
1931-09-01,9.667,0.425,Moskva,Russia
1931-10-01,3.768,0.393,Moskva,Russia
1931-11-01,-3.219,0.397,Moskva,Russia
1931-12-01,-7.503,0.408,Moskva,Russia
1932-01-01,-4.132,0.495,Moskva,Russia
1932-02-01,-14.617,0.617,Moskva,Russia
1932-03-01,-7.884,0.723,Moskva,Russia
1932-04-01,4.034,0.47,Moskva,Russia
1932-05-01,13.893,0.393,Moskva,Russia
1932-06-01,16.753,0.393,Moskva,Russia
1932-07-01,19,0.338,Moskva,Russia
1932-08-01,18.863,0.365,Moskva,Russia
1932-09-01,12.171,0.303,Moskva,Russia
1932-10-01,5.677,0.396,Moskva,Russia
1932-11-01,-0.909,0.407,Moskva,Russia
1932-12-01,-1.877,0.41,Moskva,Russia
1933-01-01,-12.952,0.415,Moskva,Russia
1933-02-01,-10.887,0.514,Moskva,Russia
1933-03-01,-4.385,0.541,Moskva,Russia
1933-04-01,4.23,0.339,Moskva,Russia
1933-05-01,9.73,0.364,Moskva,Russia
1933-06-01,15.039,0.314,Moskva,Russia
1933-07-01,19.643,0.367,Moskva,Russia
1933-08-01,14.542,0.331,Moskva,Russia
1933-09-01,11.071,0.305,Moskva,Russia
1933-10-01,4.651,0.374,Moskva,Russia
1933-11-01,-3.531,0.695,Moskva,Russia
1933-12-01,-14.471,0.746,Moskva,Russia
1934-01-01,-8.372,0.65,Moskva,Russia
1934-02-01,-7.749,0.598,Moskva,Russia
1934-03-01,-2.731,0.421,Moskva,Russia
1934-04-01,5.653,0.419,Moskva,Russia
1934-05-01,14.632,0.361,Moskva,Russia
1934-06-01,13.808,0.419,Moskva,Russia
1934-07-01,19.309,0.3,Moskva,Russia
1934-08-01,16.849,0.389,Moskva,Russia
1934-09-01,12.154,0.353,Moskva,Russia
1934-10-01,6.976,0.338,Moskva,Russia
1934-11-01,1.489,0.31,Moskva,Russia
1934-12-01,-9.556,0.424,Moskva,Russia
1935-01-01,-11.184,0.485,Moskva,Russia
1935-02-01,-5.214,0.572,Moskva,Russia
1935-03-01,-3.287,0.402,Moskva,Russia
1935-04-01,4.674,0.421,Moskva,Russia
1935-05-01,9.657,0.403,Moskva,Russia
1935-06-01,16.75,0.37,Moskva,Russia
1935-07-01,15.591,0.474,Moskva,Russia
1935-08-01,16.503,0.384,Moskva,Russia
1935-09-01,11.407,0.35,Moskva,Russia
1935-10-01,8.302,0.423,Moskva,Russia
1935-11-01,-2.692,0.346,Moskva,Russia
1935-12-01,-5.699,0.473,Moskva,Russia
1936-01-01,-4.986,0.485,Moskva,Russia
1936-02-01,-12.842,0.385,Moskva,Russia
1936-03-01,-2.453,0.357,Moskva,Russia
1936-04-01,4.117,0.321,Moskva,Russia
1936-05-01,12.31,0.303,Moskva,Russia
1936-06-01,18.949,0.267,Moskva,Russia
1936-07-01,22.122,0.383,Moskva,Russia
1936-08-01,17.626,0.35,Moskva,Russia
1936-09-01,10.247,0.434,Moskva,Russia
1936-10-01,2.002,0.344,Moskva,Russia
1936-11-01,-0.142,0.417,Moskva,Russia
1936-12-01,-2.758,0.359,Moskva,Russia
1937-01-01,-11.701,0.516,Moskva,Russia
1937-02-01,-7.58,0.373,Moskva,Russia
1937-03-01,-1.581,0.381,Moskva,Russia
1937-04-01,7.285,0.332,Moskva,Russia
1937-05-01,11.727,0.26,Moskva,Russia
1937-06-01,17.228,0.632,Moskva,Russia
1937-07-01,17.983,0.254,Moskva,Russia
1937-08-01,17.711,0.335,Moskva,Russia
1937-09-01,14.065,0.335,Moskva,Russia
1937-10-01,5.555,0.24,Moskva,Russia
1937-11-01,-0.469,0.553,Moskva,Russia
1937-12-01,-8.168,0.43,Moskva,Russia
1938-01-01,-9.254,0.394,Moskva,Russia
1938-02-01,-6.688,0.44,Moskva,Russia
1938-03-01,-1.211,0.357,Moskva,Russia
1938-04-01,3.949,0.373,Moskva,Russia
1938-05-01,11.995,0.33,Moskva,Russia
1938-06-01,15.812,0.291,Moskva,Russia
1938-07-01,22.439,0.537,Moskva,Russia
1938-08-01,20.757,0.497,Moskva,Russia
1938-09-01,14.791,0.279,Moskva,Russia
1938-10-01,6.051,0.313,Moskva,Russia
1938-11-01,2.437,0.428,Moskva,Russia
1938-12-01,-10.539,0.264,Moskva,Russia
1939-01-01,-9.038,0.339,Moskva,Russia
1939-02-01,-4.867,0.431,Moskva,Russia
1939-03-01,-3.858,0.32,Moskva,Russia
1939-04-01,3.138,0.388,Moskva,Russia
1939-05-01,11.284,0.487,Moskva,Russia
1939-06-01,17.323,0.349,Moskva,Russia
1939-07-01,19.733,0.393,Moskva,Russia
1939-08-01,18.45,0.487,Moskva,Russia
1939-09-01,8.521,0.262,Moskva,Russia
1939-10-01,1.634,0.296,Moskva,Russia
1939-11-01,-0.45,0.371,Moskva,Russia
1939-12-01,-7.281,0.343,Moskva,Russia
1940-01-01,-19.162,0.294,Moskva,Russia
1940-02-01,-12.649,0.677,Moskva,Russia
1940-03-01,-5.996,0.416,Moskva,Russia
1940-04-01,2.745,0.3,Moskva,Russia
1940-05-01,12.161,0.515,Moskva,Russia
1940-06-01,15.573,0.271,Moskva,Russia
1940-07-01,19.044,0.29,Moskva,Russia
1940-08-01,17.893,0.448,Moskva,Russia
1940-09-01,12.69,0.35,Moskva,Russia
1940-10-01,2.264,0.304,Moskva,Russia
1940-11-01,1.213,0.335,Moskva,Russia
1940-12-01,-8.008,0.421,Moskva,Russia
1941-01-01,-14.728,0.631,Moskva,Russia
1941-02-01,-10.403,0.382,Moskva,Russia
1941-03-01,-6.809,0.42,Moskva,Russia
1941-04-01,1.05,0.444,Moskva,Russia
1941-05-01,7.446,0.4,Moskva,Russia
1941-06-01,12.503,0.295,Moskva,Russia
1941-07-01,20.371,0.323,Moskva,Russia
1941-08-01,16.88,0.359,Moskva,Russia
1941-09-01,9.153,0.39,Moskva,Russia
1941-10-01,1.852,0.451,Moskva,Russia
1941-11-01,-5.724,0.613,Moskva,Russia
1941-12-01,-12.375,0.495,Moskva,Russia
1942-01-01,-19.693,0.846,Moskva,Russia
1942-02-01,-12.099,0.42,Moskva,Russia
1942-03-01,-10.364,0.472,Moskva,Russia
1942-04-01,2.375,0.436,Moskva,Russia
1942-05-01,11.58,0.448,Moskva,Russia
1942-06-01,14.24,0.373,Moskva,Russia
1942-07-01,17.815,0.382,Moskva,Russia
1942-08-01,16.357,0.33,Moskva,Russia
1942-09-01,10.766,0.397,Moskva,Russia
1942-10-01,5.909,0.309,Moskva,Russia
1942-11-01,-4.097,0.291,Moskva,Russia
1942-12-01,-7.539,0.459,Moskva,Russia
1943-01-01,-14.89,0.778,Moskva,Russia
1943-02-01,-6.97,0.464,Moskva,Russia
1943-03-01,-3.369,0.713,Moskva,Russia
1943-04-01,6.175,0.305,Moskva,Russia
1943-05-01,12.526,0.339,Moskva,Russia
1943-06-01,15.998,0.319,Moskva,Russia
1943-07-01,17.805,0.33,Moskva,Russia
1943-08-01,16.703,0.311,Moskva,Russia
1943-09-01,10.732,0.342,Moskva,Russia
1943-10-01,5.518,0.402,Moskva,Russia
1943-11-01,-0.633,0.415,Moskva,Russia
1943-12-01,-3.996,0.427,Moskva,Russia
1944-01-01,-4.121,0.354,Moskva,Russia
1944-02-01,-6.052,0.296,Moskva,Russia
1944-03-01,-2.508,0.319,Moskva,Russia
1944-04-01,1.673,0.511,Moskva,Russia
1944-05-01,11.83,0.365,Moskva,Russia
1944-06-01,15.092,0.311,Moskva,Russia
1944-07-01,17.923,0.326,Moskva,Russia
1944-08-01,15.889,0.358,Moskva,Russia
1944-09-01,12.853,0.301,Moskva,Russia
1944-10-01,5.207,0.315,Moskva,Russia
1944-11-01,-2.018,0.404,Moskva,Russia
1944-12-01,-8.9,0.422,Moskva,Russia
1945-01-01,-11.029,0.565,Moskva,Russia
1945-02-01,-10.079,0.538,Moskva,Russia
1945-03-01,-6.403,0.454,Moskva,Russia
1945-04-01,2.942,0.438,Moskva,Russia
1945-05-01,8.354,0.615,Moskva,Russia
1945-06-01,15.139,0.394,Moskva,Russia
1945-07-01,17.976,0.347,Moskva,Russia
1945-08-01,17.489,0.315,Moskva,Russia
1945-09-01,10.636,0.417,Moskva,Russia
1945-10-01,2.343,0.39,Moskva,Russia
1945-11-01,-3.13,0.314,Moskva,Russia
1945-12-01,-10.536,0.801,Moskva,Russia
1946-01-01,-8.466,0.486,Moskva,Russia
1946-02-01,-9.005,0.381,Moskva,Russia
1946-03-01,-4.44,0.394,Moskva,Russia
1946-04-01,3.947,0.356,Moskva,Russia
1946-05-01,11.626,0.352,Moskva,Russia
1946-06-01,19.35,0.466,Moskva,Russia
1946-07-01,18.411,0.321,Moskva,Russia
1946-08-01,18.512,0.298,Moskva,Russia
1946-09-01,11.222,0.243,Moskva,Russia
1946-10-01,-0.177,0.242,Moskva,Russia
1946-11-01,-3.93,0.428,Moskva,Russia
1946-12-01,-8.296,0.418,Moskva,Russia
1947-01-01,-11.102,0.549,Moskva,Russia
1947-02-01,-14.232,0.405,Moskva,Russia
1947-03-01,-5.104,0.406,Moskva,Russia
1947-04-01,4.978,0.248,Moskva,Russia
1947-05-01,10.39,0.348,Moskva,Russia
1947-06-01,17.051,0.32,Moskva,Russia
1947-07-01,17.982,0.313,Moskva,Russia
1947-08-01,16.516,0.291,Moskva,Russia
1947-09-01,11.633,0.25,Moskva,Russia
1947-10-01,2.814,0.292,Moskva,Russia
1947-11-01,-1.726,0.314,Moskva,Russia
1947-12-01,-4.213,0.329,Moskva,Russia
1948-01-01,-7.981,0.347,Moskva,Russia
1948-02-01,-10.717,0.379,Moskva,Russia
1948-03-01,-5.198,0.529,Moskva,Russia
1948-04-01,4.939,0.427,Moskva,Russia
1948-05-01,15.184,0.245,Moskva,Russia
1948-06-01,19.821,0.267,Moskva,Russia
1948-07-01,16.203,0.31,Moskva,Russia
1948-08-01,17,0.358,Moskva,Russia
1948-09-01,10.732,0.27,Moskva,Russia
1948-10-01,4.325,0.241,Moskva,Russia
1948-11-01,-1.782,0.262,Moskva,Russia
1948-12-01,-5.499,0.439,Moskva,Russia
1949-01-01,-4.612,0.401,Moskva,Russia
1949-02-01,-8.126,0.389,Moskva,Russia
1949-03-01,-3.544,0.39,Moskva,Russia
1949-04-01,3.927,0.259,Moskva,Russia
1949-05-01,14.729,0.29,Moskva,Russia
1949-06-01,16.74,0.273,Moskva,Russia
1949-07-01,17.114,0.271,Moskva,Russia
1949-08-01,16.096,0.287,Moskva,Russia
1949-09-01,11.612,0.303,Moskva,Russia
1949-10-01,4.221,0.326,Moskva,Russia
1949-11-01,-0.631,0.321,Moskva,Russia
1949-12-01,-4.564,0.455,Moskva,Russia
1950-01-01,-18.039,0.605,Moskva,Russia
1950-02-01,-7.185,0.305,Moskva,Russia
1950-03-01,-2.78,0.34,Moskva,Russia
1950-04-01,8.601,0.426,Moskva,Russia
1950-05-01,11.537,0.353,Moskva,Russia
1950-06-01,15.07,0.268,Moskva,Russia
1950-07-01,15.668,0.231,Moskva,Russia
1950-08-01,14.109,0.27,Moskva,Russia
1950-09-01,11.818,0.254,Moskva,Russia
1950-10-01,4.62,0.241,Moskva,Russia
1950-11-01,-0.727,0.456,Moskva,Russia
1950-12-01,-5.909,0.437,Moskva,Russia
1951-01-01,-12.262,0.493,Moskva,Russia
1951-02-01,-12.927,0.285,Moskva,Russia
1951-03-01,-4.053,0.502,Moskva,Russia
1951-04-01,8.066,0.464,Moskva,Russia
1951-05-01,9.38,0.375,Moskva,Russia
1951-06-01,16.653,0.437,Moskva,Russia
1951-07-01,17.737,0.33,Moskva,Russia
1951-08-01,18.218,0.28,Moskva,Russia
1951-09-01,11.87,0.331,Moskva,Russia
1951-10-01,2.358,0.294,Moskva,Russia
1951-11-01,-4.922,0.568,Moskva,Russia
1951-12-01,-2.474,0.523,Moskva,Russia
1952-01-01,-4.643,0.452,Moskva,Russia
1952-02-01,-7.534,0.268,Moskva,Russia
1952-03-01,-10.157,0.351,Moskva,Russia
1952-04-01,3.878,0.434,Moskva,Russia
1952-05-01,10.373,0.232,Moskva,Russia
1952-06-01,16.546,0.259,Moskva,Russia
1952-07-01,17.551,0.174,Moskva,Russia
1952-08-01,16.524,0.166,Moskva,Russia
1952-09-01,11.852,0.359,Moskva,Russia
1952-10-01,3.87,0.232,Moskva,Russia
1952-11-01,-1.252,0.275,Moskva,Russia
1952-12-01,-6.541,0.326,Moskva,Russia
1953-01-01,-10.619,0.335,Moskva,Russia
1953-02-01,-15.624,0.462,Moskva,Russia
1953-03-01,-3.647,0.378,Moskva,Russia
1953-04-01,6.596,0.338,Moskva,Russia
1953-05-01,11.115,0.275,Moskva,Russia
1953-06-01,18.475,0.262,Moskva,Russia
1953-07-01,18.667,0.224,Moskva,Russia
1953-08-01,17.234,0.217,Moskva,Russia
1953-09-01,9.861,0.293,Moskva,Russia
1953-10-01,5.344,0.253,Moskva,Russia
1953-11-01,-3.544,0.295,Moskva,Russia
1953-12-01,-5.94,0.388,Moskva,Russia
1954-01-01,-14.94,0.473,Moskva,Russia
1954-02-01,-15.374,0.271,Moskva,Russia
1954-03-01,-3.996,0.37,Moskva,Russia
1954-04-01,2.85,0.367,Moskva,Russia
1954-05-01,12.951,0.247,Moskva,Russia
1954-06-01,18.526,0.303,Moskva,Russia
1954-07-01,20.234,0.235,Moskva,Russia
1954-08-01,17.999,0.219,Moskva,Russia
1954-09-01,12.145,0.301,Moskva,Russia
1954-10-01,5.206,0.301,Moskva,Russia
1954-11-01,-1.516,0.477,Moskva,Russia
1954-12-01,-5.238,0.437,Moskva,Russia
1955-01-01,-7.047,0.378,Moskva,Russia
1955-02-01,-7.13,0.321,Moskva,Russia
1955-03-01,-5.633,0.142,Moskva,Russia
1955-04-01,1.12,0.201,Moskva,Russia
1955-05-01,10.301,0.238,Moskva,Russia
1955-06-01,14.664,0.323,Moskva,Russia
1955-07-01,17.449,0.269,Moskva,Russia
1955-08-01,17.295,0.253,Moskva,Russia
1955-09-01,13.558,0.287,Moskva,Russia
1955-10-01,7.458,0.256,Moskva,Russia
1955-11-01,-3.62,0.298,Moskva,Russia
1955-12-01,-14.472,0.493,Moskva,Russia
1956-01-01,-11.42,0.241,Moskva,Russia
1956-02-01,-19.134,0.332,Moskva,Russia
1956-03-01,-5.121,0.562,Moskva,Russia
1956-04-01,3.085,0.423,Moskva,Russia
1956-05-01,10.744,0.386,Moskva,Russia
1956-06-01,19.688,0.255,Moskva,Russia
1956-07-01,15.263,0.266,Moskva,Russia
1956-08-01,14.865,0.313,Moskva,Russia
1956-09-01,8.495,0.336,Moskva,Russia
1956-10-01,4.258,0.349,Moskva,Russia
1956-11-01,-6.354,0.469,Moskva,Russia
1956-12-01,-5.28,0.308,Moskva,Russia
1957-01-01,-7.196,0.34,Moskva,Russia
1957-02-01,-2.46,0.528,Moskva,Russia
1957-03-01,-6.658,0.395,Moskva,Russia
1957-04-01,5.767,0.378,Moskva,Russia
1957-05-01,14.308,0.253,Moskva,Russia
1957-06-01,15.427,0.637,Moskva,Russia
1957-07-01,18.345,0.58,Moskva,Russia
1957-08-01,16.915,0.723,Moskva,Russia
1957-09-01,12.422,0.49,Moskva,Russia
1957-10-01,4.766,0.449,Moskva,Russia
1957-11-01,-1.389,0.336,Moskva,Russia
1957-12-01,-5.542,0.405,Moskva,Russia
1958-01-01,-7.909,0.375,Moskva,Russia
1958-02-01,-8.575,0.365,Moskva,Russia
1958-03-01,-6.889,0.436,Moskva,Russia
1958-04-01,3.124,0.297,Moskva,Russia
1958-05-01,12.839,0.342,Moskva,Russia
1958-06-01,14.547,0.422,Moskva,Russia
1958-07-01,17.672,0.419,Moskva,Russia
1958-08-01,15.425,0.267,Moskva,Russia
1958-09-01,8.99,0.246,Moskva,Russia
1958-10-01,5.676,0.237,Moskva,Russia
1958-11-01,-1.052,0.36,Moskva,Russia
1958-12-01,-7.716,0.495,Moskva,Russia
1959-01-01,-5.223,0.413,Moskva,Russia
1959-02-01,-6.342,0.229,Moskva,Russia
1959-03-01,-2.445,0.302,Moskva,Russia
1959-04-01,5.906,0.309,Moskva,Russia
1959-05-01,11.662,0.407,Moskva,Russia
1959-06-01,16.76,0.209,Moskva,Russia
1959-07-01,20.399,0.442,Moskva,Russia
1959-08-01,16.874,0.295,Moskva,Russia
1959-09-01,8.379,0.393,Moskva,Russia
1959-10-01,1.997,0.185,Moskva,Russia
1959-11-01,-5.178,0.287,Moskva,Russia
1959-12-01,-11.204,0.331,Moskva,Russia
1960-01-01,-10.188,0.197,Moskva,Russia
1960-02-01,-8.751,0.283,Moskva,Russia
1960-03-01,-6.253,0.42,Moskva,Russia
1960-04-01,4.18,0.331,Moskva,Russia
1960-05-01,11.406,0.242,Moskva,Russia
1960-06-01,17.852,0.227,Moskva,Russia
1960-07-01,20.82,0.339,Moskva,Russia
1960-08-01,16.418,0.247,Moskva,Russia
1960-09-01,9.968,0.229,Moskva,Russia
1960-10-01,2.345,0.301,Moskva,Russia
1960-11-01,-3.632,0.246,Moskva,Russia
1960-12-01,-0.457,0.239,Moskva,Russia
1961-01-01,-6.962,0.276,Moskva,Russia
1961-02-01,-3.492,0.221,Moskva,Russia
1961-03-01,-0.155,0.187,Moskva,Russia
1961-04-01,3.878,0.32,Moskva,Russia
1961-05-01,11.454,0.285,Moskva,Russia
1961-06-01,18.513,0.347,Moskva,Russia
1961-07-01,18.81,0.27,Moskva,Russia
1961-08-01,16.562,0.164,Moskva,Russia
1961-09-01,9.759,0.14,Moskva,Russia
1961-10-01,5.879,0.397,Moskva,Russia
1961-11-01,-2.358,0.272,Moskva,Russia
1961-12-01,-8.628,0.275,Moskva,Russia
1962-01-01,-5.478,0.182,Moskva,Russia
1962-02-01,-7.41,0.256,Moskva,Russia
1962-03-01,-6.002,0.277,Moskva,Russia
1962-04-01,7.032,0.31,Moskva,Russia
1962-05-01,12.905,0.215,Moskva,Russia
1962-06-01,13.225,0.624,Moskva,Russia
1962-07-01,16.357,0.278,Moskva,Russia
1962-08-01,14.495,0.248,Moskva,Russia
1962-09-01,10.733,0.285,Moskva,Russia
1962-10-01,5.79,0.399,Moskva,Russia
1962-11-01,0.921,0.235,Moskva,Russia
1962-12-01,-7.946,0.239,Moskva,Russia
1963-01-01,-17.449,0.323,Moskva,Russia
1963-02-01,-10.995,0.304,Moskva,Russia
1963-03-01,-10.414,0.246,Moskva,Russia
1963-04-01,2.877,0.193,Moskva,Russia
1963-05-01,15.878,0.258,Moskva,Russia
1963-06-01,13.445,0.329,Moskva,Russia
1963-07-01,18.605,0.366,Moskva,Russia
1963-08-01,17.443,0.165,Moskva,Russia
1963-09-01,13.532,0.318,Moskva,Russia
1963-10-01,5.43,0.145,Moskva,Russia
1963-11-01,-0.684,0.299,Moskva,Russia
1963-12-01,-9.904,0.221,Moskva,Russia
1964-01-01,-8.796,0.423,Moskva,Russia
1964-02-01,-11.444,0.234,Moskva,Russia
1964-03-01,-7.05,0.16,Moskva,Russia
1964-04-01,3.729,0.115,Moskva,Russia
1964-05-01,11.145,0.253,Moskva,Russia
1964-06-01,18.071,0.349,Moskva,Russia
1964-07-01,19.286,0.238,Moskva,Russia
1964-08-01,15.589,0.302,Moskva,Russia
1964-09-01,11.681,0.139,Moskva,Russia
1964-10-01,6.555,0.258,Moskva,Russia
1964-11-01,-2.685,0.151,Moskva,Russia
1964-12-01,-3.637,0.231,Moskva,Russia
1965-01-01,-10.36,0.18,Moskva,Russia
1965-02-01,-11.15,0.208,Moskva,Russia
1965-03-01,-4.376,0.356,Moskva,Russia
1965-04-01,1.612,0.156,Moskva,Russia
1965-05-01,9.327,0.394,Moskva,Russia
1965-06-01,15.519,0.475,Moskva,Russia
1965-07-01,16.455,0.359,Moskva,Russia
1965-08-01,15.413,0.153,Moskva,Russia
1965-09-01,13.047,0.164,Moskva,Russia
1965-10-01,3.341,0.309,Moskva,Russia
1965-11-01,-6.231,0.347,Moskva,Russia
1965-12-01,-2.224,0.235,Moskva,Russia
1966-01-01,-10.286,0.278,Moskva,Russia
1966-02-01,-9.573,0.224,Moskva,Russia
1966-03-01,-0.514,0.214,Moskva,Russia
1966-04-01,8.1,0.213,Moskva,Russia
1966-05-01,14.747,0.217,Moskva,Russia
1966-06-01,16.062,0.277,Moskva,Russia
1966-07-01,18.816,0.299,Moskva,Russia
1966-08-01,16.851,0.254,Moskva,Russia
1966-09-01,9.513,0.282,Moskva,Russia
1966-10-01,5.436,0.155,Moskva,Russia
1966-11-01,-1.383,0.124,Moskva,Russia
1966-12-01,-10.853,0.196,Moskva,Russia
1967-01-01,-15.346,0.386,Moskva,Russia
1967-02-01,-11.798,0.281,Moskva,Russia
1967-03-01,-0.557,0.315,Moskva,Russia
1967-04-01,5.927,0.17,Moskva,Russia
1967-05-01,16.179,0.289,Moskva,Russia
1967-06-01,15.819,0.182,Moskva,Russia
1967-07-01,17.379,0.318,Moskva,Russia
1967-08-01,18.048,0.364,Moskva,Russia
1967-09-01,11.185,0.301,Moskva,Russia
1967-10-01,8.168,0.12,Moskva,Russia
1967-11-01,-0.065,0.194,Moskva,Russia
1967-12-01,-10.55,0.158,Moskva,Russia
1968-01-01,-16.858,0.375,Moskva,Russia
1968-02-01,-10.012,0.426,Moskva,Russia
1968-03-01,-2.535,0.256,Moskva,Russia
1968-04-01,5.432,0.215,Moskva,Russia
1968-05-01,11.899,0.196,Moskva,Russia
1968-06-01,17.263,0.38,Moskva,Russia
1968-07-01,15.651,0.24,Moskva,Russia
1968-08-01,17.519,0.189,Moskva,Russia
1968-09-01,10.726,0.233,Moskva,Russia
1968-10-01,2.407,0.224,Moskva,Russia
1968-11-01,-3.167,0.214,Moskva,Russia
1968-12-01,-6.028,0.22,Moskva,Russia
1969-01-01,-17.352,0.415,Moskva,Russia
1969-02-01,-14.392,0.267,Moskva,Russia
1969-03-01,-8.261,0.246,Moskva,Russia
1969-04-01,5.251,0.354,Moskva,Russia
1969-05-01,10.518,0.176,Moskva,Russia
1969-06-01,14.28,0.292,Moskva,Russia
1969-07-01,17.352,0.233,Moskva,Russia
1969-08-01,15.972,0.228,Moskva,Russia
1969-09-01,9.954,0.327,Moskva,Russia
1969-10-01,3.963,0.226,Moskva,Russia
1969-11-01,1.111,0.232,Moskva,Russia
1969-12-01,-10.075,0.214,Moskva,Russia
1970-01-01,-11.38,0.308,Moskva,Russia
1970-02-01,-9.136,0.177,Moskva,Russia
1970-03-01,-3.469,0.284,Moskva,Russia
1970-04-01,5.26,0.183,Moskva,Russia
1970-05-01,12.147,0.234,Moskva,Russia
1970-06-01,15.592,0.298,Moskva,Russia
1970-07-01,19.19,0.19,Moskva,Russia
1970-08-01,16.035,0.165,Moskva,Russia
1970-09-01,11.018,0.173,Moskva,Russia
1970-10-01,4.878,0.175,Moskva,Russia
1970-11-01,-2.333,0.203,Moskva,Russia
1970-12-01,-6.891,0.275,Moskva,Russia
1971-01-01,-4.429,0.183,Moskva,Russia
1971-02-01,-10.432,0.24,Moskva,Russia
1971-03-01,-4.938,0.125,Moskva,Russia
1971-04-01,3.188,0.257,Moskva,Russia
1971-05-01,12.188,0.205,Moskva,Russia
1971-06-01,16.332,0.165,Moskva,Russia
1971-07-01,17.582,0.244,Moskva,Russia
1971-08-01,16.48,0.228,Moskva,Russia
1971-09-01,10.956,0.299,Moskva,Russia
1971-10-01,2.93,0.201,Moskva,Russia
1971-11-01,-1.082,0.195,Moskva,Russia
1971-12-01,-6.339,0.25,Moskva,Russia
1972-01-01,-16.063,0.316,Moskva,Russia
1972-02-01,-8.852,0.278,Moskva,Russia
1972-03-01,-3.583,0.25,Moskva,Russia
1972-04-01,5.536,0.247,Moskva,Russia
1972-05-01,12.299,0.206,Moskva,Russia
1972-06-01,18.395,0.289,Moskva,Russia
1972-07-01,21.634,0.326,Moskva,Russia
1972-08-01,20.815,0.437,Moskva,Russia
1972-09-01,10.909,0.225,Moskva,Russia
1972-10-01,4.554,0.337,Moskva,Russia
1972-11-01,-0.853,0.207,Moskva,Russia
1972-12-01,-1.689,0.334,Moskva,Russia
1973-01-01,-11.315,0.277,Moskva,Russia
1973-02-01,-4.273,0.244,Moskva,Russia
1973-03-01,-2.41,0.309,Moskva,Russia
1973-04-01,7.414,0.187,Moskva,Russia
1973-05-01,12.849,0.339,Moskva,Russia
1973-06-01,17.542,0.163,Moskva,Russia
1973-07-01,17.896,0.228,Moskva,Russia
1973-08-01,15.615,0.293,Moskva,Russia
1973-09-01,7.248,0.163,Moskva,Russia
1973-10-01,2.737,0.231,Moskva,Russia
1973-11-01,-2.726,0.113,Moskva,Russia
1973-12-01,-6.706,0.203,Moskva,Russia
1974-01-01,-11.687,0.187,Moskva,Russia
1974-02-01,-2.447,0.236,Moskva,Russia
1974-03-01,-1.163,0.209,Moskva,Russia
1974-04-01,2.821,0.151,Moskva,Russia
1974-05-01,9.462,0.291,Moskva,Russia
1974-06-01,16.027,0.205,Moskva,Russia
1974-07-01,18.114,0.202,Moskva,Russia
1974-08-01,15.82,0.209,Moskva,Russia
1974-09-01,12.84,0.22,Moskva,Russia
1974-10-01,8.039,0.136,Moskva,Russia
1974-11-01,1.226,0.354,Moskva,Russia
1974-12-01,-3.391,0.224,Moskva,Russia
1975-01-01,-4.543,0.216,Moskva,Russia
1975-02-01,-7.416,0.295,Moskva,Russia
1975-03-01,0.165,0.228,Moskva,Russia
1975-04-01,9.281,0.185,Moskva,Russia
1975-05-01,15.587,0.266,Moskva,Russia
1975-06-01,17.233,0.355,Moskva,Russia
1975-07-01,18.307,0.285,Moskva,Russia
1975-08-01,15.12,0.497,Moskva,Russia
1975-09-01,13.424,0.257,Moskva,Russia
1975-10-01,3.418,0.289,Moskva,Russia
1975-11-01,-3.957,0.193,Moskva,Russia
1975-12-01,-4.948,0.175,Moskva,Russia
1976-01-01,-13.327,0.257,Moskva,Russia
1976-02-01,-13.15,0.311,Moskva,Russia
1976-03-01,-3.937,0.305,Moskva,Russia
1976-04-01,5.018,0.241,Moskva,Russia
1976-05-01,10.422,0.391,Moskva,Russia
1976-06-01,13.494,0.291,Moskva,Russia
1976-07-01,15.989,0.392,Moskva,Russia
1976-08-01,14.315,0.201,Moskva,Russia
1976-09-01,9.316,0.216,Moskva,Russia
1976-10-01,-1.588,0.35,Moskva,Russia
1976-11-01,-1.555,0.156,Moskva,Russia
1976-12-01,-4.592,0.207,Moskva,Russia
1977-01-01,-12.44,0.308,Moskva,Russia
1977-02-01,-7.416,0.169,Moskva,Russia
1977-03-01,-1.718,0.158,Moskva,Russia
1977-04-01,6.483,0.174,Moskva,Russia
1977-05-01,13.93,0.246,Moskva,Russia
1977-06-01,16.528,0.296,Moskva,Russia
1977-07-01,18.357,0.288,Moskva,Russia
1977-08-01,15.659,0.263,Moskva,Russia
1977-09-01,9.357,0.229,Moskva,Russia
1977-10-01,2.607,0.197,Moskva,Russia
1977-11-01,1.183,0.145,Moskva,Russia
1977-12-01,-9.349,0.212,Moskva,Russia
1978-01-01,-9.073,0.334,Moskva,Russia
1978-02-01,-10.692,0.176,Moskva,Russia
1978-03-01,-0.516,0.156,Moskva,Russia
1978-04-01,4.16,0.328,Moskva,Russia
1978-05-01,10.293,0.316,Moskva,Russia
1978-06-01,13.954,0.228,Moskva,Russia
1978-07-01,16.122,0.3,Moskva,Russia
1978-08-01,15.667,0.219,Moskva,Russia
1978-09-01,9.466,0.148,Moskva,Russia
1978-10-01,2.883,0.226,Moskva,Russia
1978-11-01,1.488,0.243,Moskva,Russia
1978-12-01,-15.455,0.19,Moskva,Russia
1979-01-01,-11.35,0.266,Moskva,Russia
1979-02-01,-10.262,0.277,Moskva,Russia
1979-03-01,-1.828,0.155,Moskva,Russia
1979-04-01,2.547,0.285,Moskva,Russia
1979-05-01,16.336,0.431,Moskva,Russia
1979-06-01,16.672,0.222,Moskva,Russia
1979-07-01,16.455,0.191,Moskva,Russia
1979-08-01,16.858,0.244,Moskva,Russia
1979-09-01,11.44,0.121,Moskva,Russia
1979-10-01,3.073,0.179,Moskva,Russia
1979-11-01,-1.47,0.2,Moskva,Russia
1979-12-01,-6.376,0.201,Moskva,Russia
1980-01-01,-12.659,0.247,Moskva,Russia
1980-02-01,-8.606,0.196,Moskva,Russia
1980-03-01,-7.887,0.228,Moskva,Russia
1980-04-01,5.085,0.198,Moskva,Russia
1980-05-01,8.358,0.153,Moskva,Russia
1980-06-01,17.397,0.211,Moskva,Russia
1980-07-01,17.206,0.232,Moskva,Russia
1980-08-01,14.559,0.218,Moskva,Russia
1980-09-01,10.657,0.098,Moskva,Russia
1980-10-01,4.622,0.178,Moskva,Russia
1980-11-01,-2.621,0.187,Moskva,Russia
1980-12-01,-5.055,0.17,Moskva,Russia
1981-01-01,-6.563,0.277,Moskva,Russia
1981-02-01,-6.197,0.289,Moskva,Russia
1981-03-01,-4.506,0.186,Moskva,Russia
1981-04-01,2.558,0.242,Moskva,Russia
1981-05-01,13.344,0.231,Moskva,Russia
1981-06-01,19.053,0.287,Moskva,Russia
1981-07-01,21.102,0.39,Moskva,Russia
1981-08-01,17.266,0.264,Moskva,Russia
1981-09-01,10.782,0.209,Moskva,Russia
1981-10-01,7.054,0.255,Moskva,Russia
1981-11-01,-1.154,0.142,Moskva,Russia
1981-12-01,-4.485,0.198,Moskva,Russia
1982-01-01,-10.875,0.152,Moskva,Russia
1982-02-01,-9.84,0.219,Moskva,Russia
1982-03-01,-1.544,0.193,Moskva,Russia
1982-04-01,4.751,0.108,Moskva,Russia
1982-05-01,11.525,0.219,Moskva,Russia
1982-06-01,13.486,0.269,Moskva,Russia
1982-07-01,17.88,0.231,Moskva,Russia
1982-08-01,16.559,0.121,Moskva,Russia
1982-09-01,11.687,0.179,Moskva,Russia
1982-10-01,3.579,0.127,Moskva,Russia
1982-11-01,1.391,0.264,Moskva,Russia
1982-12-01,-1.862,0.255,Moskva,Russia
1983-01-01,-4.912,0.191,Moskva,Russia
1983-02-01,-8.021,0.304,Moskva,Russia
1983-03-01,-2.594,0.204,Moskva,Russia
1983-04-01,8.951,0.138,Moskva,Russia
1983-05-01,14.957,0.258,Moskva,Russia
1983-06-01,14.451,0.267,Moskva,Russia
1983-07-01,17.803,0.208,Moskva,Russia
1983-08-01,15.824,0.213,Moskva,Russia
1983-09-01,11.998,0.188,Moskva,Russia
1983-10-01,5.424,0.242,Moskva,Russia
1983-11-01,-2.151,0.196,Moskva,Russia
1983-12-01,-4.228,0.287,Moskva,Russia
1984-01-01,-5.525,0.202,Moskva,Russia
1984-02-01,-11.928,0.33,Moskva,Russia
1984-03-01,-3.285,0.251,Moskva,Russia
1984-04-01,6.679,0.143,Moskva,Russia
1984-05-01,15.591,0.14,Moskva,Russia
1984-06-01,15.197,0.239,Moskva,Russia
1984-07-01,17.268,0.276,Moskva,Russia
1984-08-01,14.928,0.234,Moskva,Russia
1984-09-01,12.297,0.148,Moskva,Russia
1984-10-01,6.067,0.241,Moskva,Russia
1984-11-01,-3.746,0.207,Moskva,Russia
1984-12-01,-10.418,0.291,Moskva,Russia
1985-01-01,-11.633,0.245,Moskva,Russia
1985-02-01,-15.523,0.243,Moskva,Russia
1985-03-01,-4.601,0.299,Moskva,Russia
1985-04-01,4.439,0.291,Moskva,Russia
1985-05-01,12.85,0.317,Moskva,Russia
1985-06-01,14.609,0.373,Moskva,Russia
1985-07-01,16.41,0.219,Moskva,Russia
1985-08-01,19.1,0.221,Moskva,Russia
1985-09-01,9.909,0.223,Moskva,Russia
1985-10-01,5.438,0.195,Moskva,Russia
1985-11-01,-3.842,0.175,Moskva,Russia
1985-12-01,-7.62,0.294,Moskva,Russia
1986-01-01,-7.716,0.338,Moskva,Russia
1986-02-01,-15.344,0.318,Moskva,Russia
1986-03-01,-1.154,0.25,Moskva,Russia
1986-04-01,6.651,0.268,Moskva,Russia
1986-05-01,12.955,0.311,Moskva,Russia
1986-06-01,18.041,0.269,Moskva,Russia
1986-07-01,17.465,0.222,Moskva,Russia
1986-08-01,16.359,0.21,Moskva,Russia
1986-09-01,8.41,0.267,Moskva,Russia
1986-10-01,3.759,0.167,Moskva,Russia
1986-11-01,-0.887,0.268,Moskva,Russia
1986-12-01,-8.516,0.148,Moskva,Russia
1987-01-01,-19.258,0.266,Moskva,Russia
1987-02-01,-7.35,0.209,Moskva,Russia
1987-03-01,-6.841,0.22,Moskva,Russia
1987-04-01,2.14,0.193,Moskva,Russia
1987-05-01,12.544,0.178,Moskva,Russia
1987-06-01,17.427,0.296,Moskva,Russia
1987-07-01,16.493,0.246,Moskva,Russia
1987-08-01,14.936,0.287,Moskva,Russia
1987-09-01,8.991,0.203,Moskva,Russia
1987-10-01,2.948,0.223,Moskva,Russia
1987-11-01,-4.072,0.151,Moskva,Russia
1987-12-01,-8.133,0.159,Moskva,Russia
1988-01-01,-8.731,0.212,Moskva,Russia
1988-02-01,-7.17,0.241,Moskva,Russia
1988-03-01,-1.713,0.287,Moskva,Russia
1988-04-01,4.624,0.206,Moskva,Russia
1988-05-01,13.511,0.358,Moskva,Russia
1988-06-01,19.021,0.248,Moskva,Russia
1988-07-01,21.188,0.21,Moskva,Russia
1988-08-01,16.401,0.169,Moskva,Russia
1988-09-01,11.109,0.177,Moskva,Russia
1988-10-01,4.263,0.144,Moskva,Russia
1988-11-01,-5.617,0.175,Moskva,Russia
1988-12-01,-8.233,0.22,Moskva,Russia
1989-01-01,-3.074,0.248,Moskva,Russia
1989-02-01,-1.468,0.181,Moskva,Russia
1989-03-01,1.286,0.303,Moskva,Russia
1989-04-01,7.178,0.272,Moskva,Russia
1989-05-01,12.979,0.177,Moskva,Russia
1989-06-01,19.898,0.249,Moskva,Russia
1989-07-01,18.674,0.245,Moskva,Russia
1989-08-01,16.328,0.394,Moskva,Russia
1989-09-01,12.118,0.186,Moskva,Russia
1989-10-01,4.985,0.273,Moskva,Russia
1989-11-01,-3.378,0.118,Moskva,Russia
1989-12-01,-6.097,0.135,Moskva,Russia
1990-01-01,-6.555,0.208,Moskva,Russia
1990-02-01,-0.31,0.158,Moskva,Russia
1990-03-01,1.618,0.285,Moskva,Russia
1990-04-01,7.588,0.203,Moskva,Russia
1990-05-01,10.338,0.215,Moskva,Russia
1990-06-01,14.18,0.365,Moskva,Russia
1990-07-01,17.275,0.25,Moskva,Russia
1990-08-01,15.828,0.206,Moskva,Russia
1990-09-01,9.257,0.267,Moskva,Russia
1990-10-01,4.91,0.238,Moskva,Russia
1990-11-01,-0.27,0.339,Moskva,Russia
1990-12-01,-4.629,0.218,Moskva,Russia
1991-01-01,-6.949,0.191,Moskva,Russia
1991-02-01,-7.728,0.237,Moskva,Russia
1991-03-01,-2.505,0.227,Moskva,Russia
1991-04-01,6.423,0.151,Moskva,Russia
1991-05-01,13.081,0.176,Moskva,Russia
1991-06-01,18.662,0.153,Moskva,Russia
1991-07-01,18.059,0.326,Moskva,Russia
1991-08-01,16.111,0.246,Moskva,Russia
1991-09-01,10.906,0.172,Moskva,Russia
1991-10-01,6.452,0.166,Moskva,Russia
1991-11-01,0.233,0.234,Moskva,Russia
1991-12-01,-5.082,0.25,Moskva,Russia
1992-01-01,-6.049,0.305,Moskva,Russia
1992-02-01,-5.644,0.222,Moskva,Russia
1992-03-01,0.82,0.203,Moskva,Russia
1992-04-01,4.625,0.218,Moskva,Russia
1992-05-01,11.698,0.165,Moskva,Russia
1992-06-01,16.274,0.296,Moskva,Russia
1992-07-01,18.239,0.293,Moskva,Russia
1992-08-01,18.001,0.391,Moskva,Russia
1992-09-01,12.869,0.425,Moskva,Russia
1992-10-01,1.613,0.173,Moskva,Russia
1992-11-01,-3.209,0.337,Moskva,Russia
1992-12-01,-5.55,0.468,Moskva,Russia
1993-01-01,-5.423,0.16,Moskva,Russia
1993-02-01,-5.671,0.209,Moskva,Russia
1993-03-01,-2.898,0.275,Moskva,Russia
1993-04-01,5.239,0.269,Moskva,Russia
1993-05-01,14.131,0.33,Moskva,Russia
1993-06-01,13.87,0.255,Moskva,Russia
1993-07-01,17.296,0.249,Moskva,Russia
1993-08-01,15.195,0.191,Moskva,Russia
1993-09-01,7.011,0.214,Moskva,Russia
1993-10-01,4.025,0.142,Moskva,Russia
1993-11-01,-8.953,0.227,Moskva,Russia
1993-12-01,-4.529,0.191,Moskva,Russia
1994-01-01,-4.508,0.231,Moskva,Russia
1994-02-01,-13.003,0.106,Moskva,Russia
1994-03-01,-4.101,0.21,Moskva,Russia
1994-04-01,6.568,0.151,Moskva,Russia
1994-05-01,9.861,0.223,Moskva,Russia
1994-06-01,14.548,0.325,Moskva,Russia
1994-07-01,17.408,0.265,Moskva,Russia
1994-08-01,15.577,0.176,Moskva,Russia
1994-09-01,13.88,0.184,Moskva,Russia
1994-10-01,4.739,0.183,Moskva,Russia
1994-11-01,-2.93,0.302,Moskva,Russia
1994-12-01,-9.3,0.322,Moskva,Russia
1995-01-01,-7.141,0.169,Moskva,Russia
1995-02-01,-1.699,0.207,Moskva,Russia
1995-03-01,0.118,0.196,Moskva,Russia
1995-04-01,8.377,0.151,Moskva,Russia
1995-05-01,14.06,0.178,Moskva,Russia
1995-06-01,19.134,0.292,Moskva,Russia
1995-07-01,17.163,0.182,Moskva,Russia
1995-08-01,16.53,0.112,Moskva,Russia
1995-09-01,12.514,0.265,Moskva,Russia
1995-10-01,6.093,0.221,Moskva,Russia
1995-11-01,-3.426,0.22,Moskva,Russia
1995-12-01,-10.522,0.137,Moskva,Russia
1996-01-01,-11.671,0.273,Moskva,Russia
1996-02-01,-11.292,0.224,Moskva,Russia
1996-03-01,-4.701,0.276,Moskva,Russia
1996-04-01,5.375,0.146,Moskva,Russia
1996-05-01,15.216,0.167,Moskva,Russia
1996-06-01,16.172,0.26,Moskva,Russia
1996-07-01,18.418,0.133,Moskva,Russia
1996-08-01,16.885,0.162,Moskva,Russia
1996-09-01,9.588,0.163,Moskva,Russia
1996-10-01,5.208,0.202,Moskva,Russia
1996-11-01,3.253,0.158,Moskva,Russia
1996-12-01,-8.401,0.194,Moskva,Russia
1997-01-01,-8.963,0.258,Moskva,Russia
1997-02-01,-5.756,0.22,Moskva,Russia
1997-03-01,-1.755,0.376,Moskva,Russia
1997-04-01,4.077,0.161,Moskva,Russia
1997-05-01,11.159,0.198,Moskva,Russia
1997-06-01,17.851,0.199,Moskva,Russia
1997-07-01,18.418,0.207,Moskva,Russia
1997-08-01,17.223,0.166,Moskva,Russia
1997-09-01,8.56,0.251,Moskva,Russia
1997-10-01,3.344,0.259,Moskva,Russia
1997-11-01,-1.298,0.196,Moskva,Russia
1997-12-01,-8.818,0.245,Moskva,Russia
1998-01-01,-6.008,0.235,Moskva,Russia
1998-02-01,-8.428,0.243,Moskva,Russia
1998-03-01,-1.884,0.249,Moskva,Russia
1998-04-01,3.517,0.168,Moskva,Russia
1998-05-01,13.379,0.119,Moskva,Russia
1998-06-01,19.245,0.281,Moskva,Russia
1998-07-01,18.688,0.17,Moskva,Russia
1998-08-01,15.305,0.173,Moskva,Russia
1998-09-01,10.724,0.22,Moskva,Russia
1998-10-01,5.087,0.229,Moskva,Russia
1998-11-01,-8.678,0.199,Moskva,Russia
1998-12-01,-7.334,0.251,Moskva,Russia
1999-01-01,-5.557,0.269,Moskva,Russia
1999-02-01,-7.281,0.223,Moskva,Russia
1999-03-01,-1.86,0.15,Moskva,Russia
1999-04-01,8.798,0.268,Moskva,Russia
1999-05-01,8.525,0.172,Moskva,Russia
1999-06-01,20.41,0.195,Moskva,Russia
1999-07-01,21.37,0.196,Moskva,Russia
1999-08-01,15.999,0.158,Moskva,Russia
1999-09-01,11.467,0.199,Moskva,Russia
1999-10-01,6.799,0.263,Moskva,Russia
1999-11-01,-5.431,0.308,Moskva,Russia
1999-12-01,-2.745,0.173,Moskva,Russia
2000-01-01,-7.477,0.238,Moskva,Russia
2000-02-01,-3.754,0.165,Moskva,Russia
2000-03-01,-1.762,0.246,Moskva,Russia
2000-04-01,10.069,0.179,Moskva,Russia
2000-05-01,10.375,0.159,Moskva,Russia
2000-06-01,15.568,0.173,Moskva,Russia
2000-07-01,19.046,0.158,Moskva,Russia
2000-08-01,16.557,0.202,Moskva,Russia
2000-09-01,9.814,0.186,Moskva,Russia
2000-10-01,6.56,0.225,Moskva,Russia
2000-11-01,-0.476,0.216,Moskva,Russia
2000-12-01,-3.386,0.32,Moskva,Russia
2001-01-01,-5.046,0.275,Moskva,Russia
2001-02-01,-7.969,0.175,Moskva,Russia
2001-03-01,-2.963,0.219,Moskva,Russia
2001-04-01,10.033,0.21,Moskva,Russia
2001-05-01,11.254,0.202,Moskva,Russia
2001-06-01,15.907,0.35,Moskva,Russia
2001-07-01,22.403,0.256,Moskva,Russia
2001-08-01,16.625,0.2,Moskva,Russia
2001-09-01,11.804,0.235,Moskva,Russia
2001-10-01,4.593,0.243,Moskva,Russia
2001-11-01,-0.888,0.237,Moskva,Russia
2001-12-01,-12.081,0.164,Moskva,Russia
2002-01-01,-5.8,0.256,Moskva,Russia
2002-02-01,-1.327,0.169,Moskva,Russia
2002-03-01,1.767,0.184,Moskva,Russia
2002-04-01,6.496,0.255,Moskva,Russia
2002-05-01,12.14,0.162,Moskva,Russia
2002-06-01,16.672,0.185,Moskva,Russia
2002-07-01,21.879,0.274,Moskva,Russia
2002-08-01,16.872,0.131,Moskva,Russia
2002-09-01,11.565,0.155,Moskva,Russia
2002-10-01,2.303,0.376,Moskva,Russia
2002-11-01,-1.957,0.175,Moskva,Russia
2002-12-01,-13.861,0.214,Moskva,Russia
2003-01-01,-8.428,0.15,Moskva,Russia
2003-02-01,-9.852,0.283,Moskva,Russia
2003-03-01,-4.182,0.228,Moskva,Russia
2003-04-01,3.871,0.228,Moskva,Russia
2003-05-01,14.811,0.181,Moskva,Russia
2003-06-01,12.829,0.371,Moskva,Russia
2003-07-01,20.052,0.268,Moskva,Russia
2003-08-01,16.73,0.311,Moskva,Russia
2003-09-01,11.284,0.253,Moskva,Russia
2003-10-01,4.961,0.326,Moskva,Russia
2003-11-01,0.793,0.199,Moskva,Russia
2003-12-01,-3.026,0.276,Moskva,Russia
2004-01-01,-7.493,0.25,Moskva,Russia
2004-02-01,-8.039,0.221,Moskva,Russia
2004-03-01,0.619,0.314,Moskva,Russia
2004-04-01,4.127,0.346,Moskva,Russia
2004-05-01,11.226,0.192,Moskva,Russia
2004-06-01,15.012,0.314,Moskva,Russia
2004-07-01,18.651,0.229,Moskva,Russia
2004-08-01,18.05,0.295,Moskva,Russia
2004-09-01,12.093,0.176,Moskva,Russia
2004-10-01,5.556,0.368,Moskva,Russia
2004-11-01,-2.091,0.222,Moskva,Russia
2004-12-01,-3.817,0.193,Moskva,Russia
2005-01-01,-3.823,0.138,Moskva,Russia
2005-02-01,-10.028,0.267,Moskva,Russia
2005-03-01,-7.043,0.219,Moskva,Russia
2005-04-01,6.386,0.179,Moskva,Russia
2005-05-01,14.721,0.201,Moskva,Russia
2005-06-01,15.872,0.18,Moskva,Russia
2005-07-01,18.805,0.193,Moskva,Russia
2005-08-01,17.247,0.196,Moskva,Russia
2005-09-01,12.917,0.138,Moskva,Russia
2005-10-01,5.724,0.3,Moskva,Russia
2005-11-01,0.957,0.232,Moskva,Russia
2005-12-01,-5.143,0.257,Moskva,Russia
2006-01-01,-11.698,0.311,Moskva,Russia
2006-02-01,-14.659,0.346,Moskva,Russia
2006-03-01,-5.011,0.255,Moskva,Russia
2006-04-01,5.298,0.291,Moskva,Russia
2006-05-01,11.978,0.291,Moskva,Russia
2006-06-01,17.915,0.222,Moskva,Russia
2006-07-01,17.499,0.264,Moskva,Russia
2006-08-01,17.352,0.278,Moskva,Russia
2006-09-01,13.112,0.257,Moskva,Russia
2006-10-01,6.389,0.162,Moskva,Russia
2006-11-01,-0.048,0.149,Moskva,Russia
2006-12-01,0.403,0.191,Moskva,Russia
2007-01-01,-2.66,0.24,Moskva,Russia
2007-02-01,-12.231,0.214,Moskva,Russia
2007-03-01,3.727,0.143,Moskva,Russia
2007-04-01,5.168,0.177,Moskva,Russia
2007-05-01,15.179,0.179,Moskva,Russia
2007-06-01,16.603,0.181,Moskva,Russia
2007-07-01,18.592,0.189,Moskva,Russia
2007-08-01,19.927,0.219,Moskva,Russia
2007-09-01,11.817,0.267,Moskva,Russia
2007-10-01,6.438,0.144,Moskva,Russia
2007-11-01,-2.605,0.223,Moskva,Russia
2007-12-01,-3.255,0.244,Moskva,Russia
2008-01-01,-7.218,0.238,Moskva,Russia
2008-02-01,-2.487,0.17,Moskva,Russia
2008-03-01,1.286,0.185,Moskva,Russia
2008-04-01,8.873,0.243,Moskva,Russia
2008-05-01,11.076,0.195,Moskva,Russia
2008-06-01,15.175,0.242,Moskva,Russia
2008-07-01,18.863,0.164,Moskva,Russia
2008-08-01,17.845,0.354,Moskva,Russia
2008-09-01,10.723,0.262,Moskva,Russia
2008-10-01,8.209,0.185,Moskva,Russia
2008-11-01,1.637,0.206,Moskva,Russia
2008-12-01,-2.977,0.2,Moskva,Russia
2009-01-01,-6.684,0.258,Moskva,Russia
2009-02-01,-6.081,0.374,Moskva,Russia
2009-03-01,-1.546,0.141,Moskva,Russia
2009-04-01,4.484,0.343,Moskva,Russia
2009-05-01,13.126,0.169,Moskva,Russia
2009-06-01,17.059,0.246,Moskva,Russia
2009-07-01,18.639,0.275,Moskva,Russia
2009-08-01,15.65,0.29,Moskva,Russia
2009-09-01,13.75,0.268,Moskva,Russia
2009-10-01,5.424,0.178,Moskva,Russia
2009-11-01,1.694,0.284,Moskva,Russia
2009-12-01,-7.36,0.237,Moskva,Russia
2010-01-01,-16.016,0.46,Moskva,Russia
2010-02-01,-9.023,0.248,Moskva,Russia
2010-03-01,-2.277,0.247,Moskva,Russia
2010-04-01,7.505,0.21,Moskva,Russia
2010-05-01,16.439,0.258,Moskva,Russia
2010-06-01,18.727,0.265,Moskva,Russia
2010-07-01,24.799,0.331,Moskva,Russia
2010-08-01,21.488,0.267,Moskva,Russia
2010-09-01,11.717,0.163,Moskva,Russia
2010-10-01,3.309,0.143,Moskva,Russia
2010-11-01,2.153,0.215,Moskva,Russia
2010-12-01,-8.399,0.322,Moskva,Russia
2011-01-01,-8.893,0.3,Moskva,Russia
2011-02-01,-12.205,0.284,Moskva,Russia
2011-03-01,-3.176,0.164,Moskva,Russia
2011-04-01,5.598,0.188,Moskva,Russia
2011-05-01,14.07,0.233,Moskva,Russia
2011-06-01,18.38,0.368,Moskva,Russia
2011-07-01,22.604,0.314,Moskva,Russia
2011-08-01,18.305,0.226,Moskva,Russia
2011-09-01,11.82,0.191,Moskva,Russia
2011-10-01,5.925,0.29,Moskva,Russia
2011-11-01,-0.621,0.239,Moskva,Russia
2011-12-01,-1.09,0.309,Moskva,Russia
2012-01-01,-7.987,0.383,Moskva,Russia
2012-02-01,-12.751,0.213,Moskva,Russia
2012-03-01,-3.695,0.234,Moskva,Russia
2012-04-01,7.365,0.415,Moskva,Russia
2012-05-01,14.76,0.286,Moskva,Russia
2012-06-01,16.585,0.347,Moskva,Russia
2012-07-01,20.102,0.332,Moskva,Russia
2012-08-01,17.525,0.316,Moskva,Russia
2012-09-01,12.556,0.251,Moskva,Russia
2012-10-01,6.114,0.322,Moskva,Russia
2012-11-01,0.97,0.412,Moskva,Russia
2012-12-01,-9.319,0.577,Moskva,Russia
2013-01-01,-9.483,0.711,Moskva,Russia
2013-02-01,-4.953,0.633,Moskva,Russia
2013-03-01,-7.69,0.533,Moskva,Russia
2013-04-01,5.371,0.299,Moskva,Russia
2013-05-01,16.179,0.271,Moskva,Russia
2013-06-01,18.911,0.369,Moskva,Russia
2013-07-01,18.385,0.305,Moskva,Russia
2013-08-01,17.653,0.425,Moskva,Russia
