Date,AverageTemperature,AverageTemperatureUncertainty,State,Country
1900-01-01,-12.71,0.873,Moscow City,Russia
1900-02-01,-10.109,0.891,Moscow City,Russia
1900-03-01,-4.419,0.715,Moscow City,Russia
1900-04-01,2.3,0.386,Moscow City,Russia
1900-05-01,9.853,0.398,Moscow City,Russia
1900-06-01,13.814,0.582,Moscow City,Russia
1900-07-01,17.354,0.711,Moscow City,Russia
1900-08-01,17.781,0.713,Moscow City,Russia
1900-09-01,9.338,0.593,Moscow City,Russia
1900-10-01,5.815,0.664,Moscow City,Russia
1900-11-01,-3.504,0.54,Moscow City,Russia
1900-12-01,-6.302,0.684,Moscow City,Russia
1901-01-01,-7.432,0.652,Moscow City,Russia
1901-02-01,-8.694,0.919,Moscow City,Russia
1901-03-01,-4.086,0.498,Moscow City,Russia
1901-04-01,4.814,0.955,Moscow City,Russia
1901-05-01,11.164,0.578,Moscow City,Russia
1901-06-01,19.941,0.704,Moscow City,Russia
1901-07-01,17.868,0.447,Moscow City,Russia
1901-08-01,18.482,0.548,Moscow City,Russia
1901-09-01,9.876,0.674,Moscow City,Russia
1901-10-01,4.903,0.398,Moscow City,Russia
1901-11-01,-3.349,0.931,Moscow City,Russia
1901-12-01,-8.613,0.541,Moscow City,Russia
1902-01-01,-7.578,1.136,Moscow City,Russia
1902-02-01,-7.924,0.759,Moscow City,Russia
1902-03-01,-3.686,0.691,Moscow City,Russia
1902-04-01,0.79,0.563,Moscow City,Russia
1902-05-01,10.875,0.663,Moscow City,Russia
1902-06-01,15.896,0.641,Moscow City,Russia
1902-07-01,16.513,0.614,Moscow City,Russia
1902-08-01,14.756,0.662,Moscow City,Russia
1902-09-01,8.646,0.6,Moscow City,Russia
1902-10-01,1.724,0.696,Moscow City,Russia
1902-11-01,-5.936,0.715,Moscow City,Russia
1902-12-01,-12.024,0.891,Moscow City,Russia
1903-01-01,-7.976,0.682,Moscow City,Russia
1903-02-01,-4.345,0.733,Moscow City,Russia
1903-03-01,-1.747,0.894,Moscow City,Russia
1903-04-01,7.913,0.447,Moscow City,Russia
1903-05-01,12.08,0.414,Moscow City,Russia
1903-06-01,18.206,0.725,Moscow City,Russia
1903-07-01,18.569,0.588,Moscow City,Russia
1903-08-01,15.908,0.486,Moscow City,Russia
1903-09-01,11.269,0.539,Moscow City,Russia
1903-10-01,1.205,0.459,Moscow City,Russia
1903-11-01,-0.58,0.583,Moscow City,Russia
1903-12-01,-7.636,0.59,Moscow City,Russia
1904-01-01,-7.913,0.705,Moscow City,Russia
1904-02-01,-5.477,0.815,Moscow City,Russia
1904-03-01,-5.867,0.48,Moscow City,Russia
1904-04-01,3.555,0.413,Moscow City,Russia
1904-05-01,9.193,0.571,Moscow City,Russia
1904-06-01,12.424,0.775,Moscow City,Russia
1904-07-01,14.887,0.566,Moscow City,Russia
1904-08-01,14.871,0.676,Moscow City,Russia
1904-09-01,8.745,0.819,Moscow City,Russia
1904-10-01,5.118,0.455,Moscow City,Russia
1904-11-01,-2.383,0.426,Moscow City,Russia
1904-12-01,-7.413,0.611,Moscow City,Russia
1905-01-01,-12.036,0.867,Moscow City,Russia
1905-02-01,-6.582,0.692,Moscow City,Russia
1905-03-01,-4.284,0.672,Moscow City,Russia
1905-04-01,3.511,0.444,Moscow City,Russia
1905-05-01,14.135,0.55,Moscow City,Russia
1905-06-01,17.606,0.465,Moscow City,Russia
1905-07-01,16.777,0.491,Moscow City,Russia
1905-08-01,15.833,0.465,Moscow City,Russia
1905-09-01,10.421,0.506,Moscow City,Russia
1905-10-01,5.127,0.509,Moscow City,Russia
1905-11-01,-0.386,0.418,Moscow City,Russia
1905-12-01,-5.649,0.597,Moscow City,Russia
1906-01-01,-7.221,0.8,Moscow City,Russia
1906-02-01,-8.004,0.512,Moscow City,Russia
1906-03-01,-2.254,0.585,Moscow City,Russia
1906-04-01,7.009,0.467,Moscow City,Russia
1906-05-01,16.94,1.084,Moscow City,Russia
1906-06-01,16.784,0.507,Moscow City,Russia
1906-07-01,19.029,0.799,Moscow City,Russia
1906-08-01,15.002,0.51,Moscow City,Russia
1906-09-01,8.136,0.541,Moscow City,Russia
1906-10-01,3.607,0.561,Moscow City,Russia
1906-11-01,-1.225,0.5,Moscow City,Russia
1906-12-01,-7.114,0.618,Moscow City,Russia
1907-01-01,-14.745,0.78,Moscow City,Russia
1907-02-01,-9.934,0.423,Moscow City,Russia
1907-03-01,-3.726,0.428,Moscow City,Russia
1907-04-01,3.247,0.598,Moscow City,Russia
1907-05-01,10.165,0.522,Moscow City,Russia
1907-06-01,15.542,0.696,Moscow City,Russia
1907-07-01,17.828,0.508,Moscow City,Russia
1907-08-01,14.497,0.518,Moscow City,Russia
1907-09-01,9.933,0.415,Moscow City,Russia
1907-10-01,5.737,0.95,Moscow City,Russia
1907-11-01,-6.149,0.488,Moscow City,Russia
1907-12-01,-13.664,0.804,Moscow City,Russia
1908-01-01,-10.995,0.65,Moscow City,Russia
1908-02-01,-7.832,0.654,Moscow City,Russia
1908-03-01,-6.765,0.552,Moscow City,Russia
1908-04-01,3.15,0.795,Moscow City,Russia
1908-05-01,9.277,0.587,Moscow City,Russia
1908-06-01,14.902,0.484,Moscow City,Russia
1908-07-01,17.22,0.622,Moscow City,Russia
1908-08-01,15.181,0.463,Moscow City,Russia
1908-09-01,10.497,0.511,Moscow City,Russia
1908-10-01,2.304,0.534,Moscow City,Russia
1908-11-01,-6.653,0.937,Moscow City,Russia
1908-12-01,-9.537,0.809,Moscow City,Russia
1909-01-01,-10.231,1.018,Moscow City,Russia
1909-02-01,-11.597,1.521,Moscow City,Russia
1909-03-01,-5.279,0.95,Moscow City,Russia
1909-04-01,1.84,0.475,Moscow City,Russia
1909-05-01,8.562,0.555,Moscow City,Russia
1909-06-01,15.086,0.598,Moscow City,Russia
1909-07-01,16.331,0.468,Moscow City,Russia
1909-08-01,15.994,0.521,Moscow City,Russia
1909-09-01,14.078,0.593,Moscow City,Russia
1909-10-01,7.24,1.218,Moscow City,Russia
1909-11-01,-2.424,0.505,Moscow City,Russia
1909-12-01,-4.467,0.854,Moscow City,Russia
1910-01-01,-7.31,0.641,Moscow City,Russia
1910-02-01,-6.379,0.578,Moscow City,Russia
1910-03-01,-1.809,0.675,Moscow City,Russia
1910-04-01,7.006,0.47,Moscow City,Russia
1910-05-01,12.812,0.441,Moscow City,Russia
1910-06-01,16.082,0.448,Moscow City,Russia
1910-07-01,18.403,0.379,Moscow City,Russia
1910-08-01,14.51,0.405,Moscow City,Russia
1910-09-01,10.509,0.775,Moscow City,Russia
1910-10-01,1.885,0.379,Moscow City,Russia
1910-11-01,-1.889,0.414,Moscow City,Russia
1910-12-01,-3.427,0.67,Moscow City,Russia
1911-01-01,-10.933,0.696,Moscow City,Russia
1911-02-01,-14.357,0.694,Moscow City,Russia
1911-03-01,-5.32,0.6,Moscow City,Russia
1911-04-01,4.438,0.697,Moscow City,Russia
1911-05-01,12.381,0.437,Moscow City,Russia
1911-06-01,14.916,0.464,Moscow City,Russia
1911-07-01,15.917,0.493,Moscow City,Russia
1911-08-01,16.559,0.502,Moscow City,Russia
1911-09-01,9.561,0.486,Moscow City,Russia
1911-10-01,3.482,0.419,Moscow City,Russia
1911-11-01,0.636,0.415,Moscow City,Russia
1911-12-01,-6.633,0.593,Moscow City,Russia
1912-01-01,-14.991,0.775,Moscow City,Russia
1912-02-01,-12.923,0.591,Moscow City,Russia
1912-03-01,-0.049,0.538,Moscow City,Russia
1912-04-01,2.46,0.542,Moscow City,Russia
1912-05-01,8.93,0.56,Moscow City,Russia
1912-06-01,18.064,0.573,Moscow City,Russia
1912-07-01,15.395,0.52,Moscow City,Russia
1912-08-01,16.658,0.456,Moscow City,Russia
1912-09-01,10.272,0.532,Moscow City,Russia
1912-10-01,-0.393,0.653,Moscow City,Russia
1912-11-01,-2.012,0.533,Moscow City,Russia
1912-12-01,-3.743,0.437,Moscow City,Russia
1913-01-01,-9.217,0.635,Moscow City,Russia
1913-02-01,-9.964,0.613,Moscow City,Russia
1913-03-01,-1.103,0.53,Moscow City,Russia
1913-04-01,8.66,0.636,Moscow City,Russia
1913-05-01,9.099,0.605,Moscow City,Russia
1913-06-01,13.963,0.547,Moscow City,Russia
1913-07-01,17.63,0.452,Moscow City,Russia
1913-08-01,18.228,0.54,Moscow City,Russia
1913-09-01,11.47,0.473,Moscow City,Russia
1913-10-01,2.29,0.491,Moscow City,Russia
1913-11-01,1.632,0.704,Moscow City,Russia
1913-12-01,-4.796,0.625,Moscow City,Russia
1914-01-01,-10.054,1.085,Moscow City,Russia
1914-02-01,-1.866,1.214,Moscow City,Russia
1914-03-01,-1.417,0.563,Moscow City,Russia
1914-04-01,3.338,0.612,Moscow City,Russia
1914-05-01,13.029,0.66,Moscow City,Russia
1914-06-01,16.513,0.611,Moscow City,Russia
1914-07-01,19.62,0.437,Moscow City,Russia
1914-08-01,13.73,0.544,Moscow City,Russia
1914-09-01,9.133,0.477,Moscow City,Russia
1914-10-01,1.631,0.456,Moscow City,Russia
1914-11-01,-4.624,0.499,Moscow City,Russia
1914-12-01,-4.174,0.394,Moscow City,Russia
1915-01-01,-6.496,0.549,Moscow City,Russia
1915-02-01,-6.223,0.925,Moscow City,Russia
1915-03-01,-7.247,0.822,Moscow City,Russia
1915-04-01,4.143,0.51,Moscow City,Russia
1915-05-01,10.825,0.528,Moscow City,Russia
1915-06-01,14.051,0.777,Moscow City,Russia
1915-07-01,18.568,0.478,Moscow City,Russia
1915-08-01,14.322,0.535,Moscow City,Russia
1915-09-01,10.58,0.42,Moscow City,Russia
1915-10-01,2.199,0.453,Moscow City,Russia
1915-11-01,-2.584,1.059,Moscow City,Russia
1915-12-01,-9.958,1.013,Moscow City,Russia
1916-01-01,-6.271,0.494,Moscow City,Russia
1916-02-01,-5.237,0.573,Moscow City,Russia
1916-03-01,-4.733,0.83,Moscow City,Russia
1916-04-01,5.449,0.455,Moscow City,Russia
1916-05-01,9.654,0.696,Moscow City,Russia
1916-06-01,15.087,0.554,Moscow City,Russia
1916-07-01,17.585,0.843,Moscow City,Russia
1916-08-01,13.909,0.562,Moscow City,Russia
1916-09-01,8.423,0.528,Moscow City,Russia
1916-10-01,3.41,0.404,Moscow City,Russia
1916-11-01,-0.975,0.534,Moscow City,Russia
1916-12-01,-7.475,1.272,Moscow City,Russia
1917-01-01,-11.828,0.833,Moscow City,Russia
1917-02-01,-16.964,0.727,Moscow City,Russia
1917-03-01,-9.446,0.693,Moscow City,Russia
1917-04-01,5.557,0.839,Moscow City,Russia
1917-05-01,7.991,0.668,Moscow City,Russia
1917-06-01,18.659,0.537,Moscow City,Russia
1917-07-01,17.338,0.588,Moscow City,Russia
1917-08-01,17.943,0.484,Moscow City,Russia
1917-09-01,11.332,0.455,Moscow City,Russia
1917-10-01,6.075,0.531,Moscow City,Russia
1917-11-01,0.565,0.52,Moscow City,Russia
1917-12-01,-7.824,0.548,Moscow City,Russia
1918-01-01,-7.723,1.343,Moscow City,Russia
1918-02-01,-6.849,1.347,Moscow City,Russia
1918-03-01,-5.308,0.814,Moscow City,Russia
1918-04-01,5.889,0.558,Moscow City,Russia
1918-05-01,6.754,0.839,Moscow City,Russia
1918-06-01,14.756,0.542,Moscow City,Russia
1918-07-01,17.521,0.606,Moscow City,Russia
1918-08-01,14.199,0.494,Moscow City,Russia
1918-09-01,11.072,0.46,Moscow City,Russia
1918-10-01,7.584,0.786,Moscow City,Russia
1918-11-01,-1.686,0.715,Moscow City,Russia
1918-12-01,-7.582,0.615,Moscow City,Russia
1919-01-01,-9.429,0.599,Moscow City,Russia
1919-02-01,-10.119,0.728,Moscow City,Russia
1919-03-01,-7.241,0.798,Moscow City,Russia
1919-04-01,4.631,0.877,Moscow City,Russia
1919-05-01,9.044,0.58,Moscow City,Russia
1919-06-01,16.471,0.499,Moscow City,Russia
1919-07-01,18.666,0.626,Moscow City,Russia
1919-08-01,14.313,0.531,Moscow City,Russia
1919-09-01,13.19,0.606,Moscow City,Russia
1919-10-01,4.72,0.514,Moscow City,Russia
1919-11-01,-7.494,0.609,Moscow City,Russia
1919-12-01,-8.532,0.993,Moscow City,Russia
1920-01-01,-9.498,0.574,Moscow City,Russia
1920-02-01,-9.323,0.923,Moscow City,Russia
1920-03-01,-0.622,0.831,Moscow City,Russia
1920-04-01,8.741,0.7,Moscow City,Russia
1920-05-01,15.056,0.538,Moscow City,Russia
1920-06-01,14.57,0.538,Moscow City,Russia
1920-07-01,20.002,0.698,Moscow City,Russia
1920-08-01,18.08,0.494,Moscow City,Russia
1920-09-01,11.463,0.67,Moscow City,Russia
1920-10-01,-0.483,0.464,Moscow City,Russia
1920-11-01,-3.447,0.683,Moscow City,Russia
1920-12-01,-8.847,1.148,Moscow City,Russia
1921-01-01,-8.999,0.773,Moscow City,Russia
1921-02-01,-10.654,0.549,Moscow City,Russia
1921-03-01,0.222,0.53,Moscow City,Russia
1921-04-01,9.519,0.625,Moscow City,Russia
1921-05-01,15.733,0.631,Moscow City,Russia
1921-06-01,17.03,0.517,Moscow City,Russia
1921-07-01,15.706,0.513,Moscow City,Russia
1921-08-01,15.902,0.724,Moscow City,Russia
1921-09-01,9.243,0.46,Moscow City,Russia
1921-10-01,2.953,0.495,Moscow City,Russia
1921-11-01,-5.546,0.99,Moscow City,Russia
1921-12-01,-9.158,0.529,Moscow City,Russia
1922-01-01,-10.268,0.671,Moscow City,Russia
1922-02-01,-9.034,0.858,Moscow City,Russia
1922-03-01,-3.345,0.52,Moscow City,Russia
1922-04-01,4.389,0.511,Moscow City,Russia
1922-05-01,12.408,0.551,Moscow City,Russia
1922-06-01,15.432,0.434,Moscow City,Russia
1922-07-01,18.383,0.625,Moscow City,Russia
1922-08-01,15.748,0.558,Moscow City,Russia
1922-09-01,9.651,0.511,Moscow City,Russia
1922-10-01,2.027,0.6,Moscow City,Russia
1922-11-01,-0.876,0.74,Moscow City,Russia
1922-12-01,-6.359,0.492,Moscow City,Russia
1923-01-01,-7.244,0.606,Moscow City,Russia
1923-02-01,-13.028,0.655,Moscow City,Russia
1923-03-01,-4.422,0.882,Moscow City,Russia
1923-04-01,0.82,0.499,Moscow City,Russia
1923-05-01,12.374,0.481,Moscow City,Russia
1923-06-01,14.64,0.547,Moscow City,Russia
1923-07-01,16.235,0.724,Moscow City,Russia
1923-08-01,13.397,0.484,Moscow City,Russia
1923-09-01,12.338,0.515,Moscow City,Russia
1923-10-01,6.62,0.491,Moscow City,Russia
1923-11-01,2.484,0.666,Moscow City,Russia
1923-12-01,-6.965,0.671,Moscow City,Russia
1924-01-01,-13.078,0.999,Moscow City,Russia
1924-02-01,-11.468,0.609,Moscow City,Russia
1924-03-01,-6.187,0.557,Moscow City,Russia
1924-04-01,3.018,0.59,Moscow City,Russia
1924-05-01,13.091,0.543,Moscow City,Russia
1924-06-01,17.485,0.571,Moscow City,Russia
1924-07-01,16.208,0.522,Moscow City,Russia
1924-08-01,15.979,0.541,Moscow City,Russia
1924-09-01,13.231,0.462,Moscow City,Russia
1924-10-01,4.362,0.529,Moscow City,Russia
1924-11-01,-1.434,0.565,Moscow City,Russia
1924-12-01,-7.197,0.678,Moscow City,Russia
1925-01-01,-4.132,0.856,Moscow City,Russia
1925-02-01,-2.374,0.806,Moscow City,Russia
1925-03-01,-1.899,0.64,Moscow City,Russia
1925-04-01,6.524,0.426,Moscow City,Russia
1925-05-01,13.558,0.539,Moscow City,Russia
1925-06-01,14.333,0.554,Moscow City,Russia
1925-07-01,18.934,0.431,Moscow City,Russia
1925-08-01,16.267,0.41,Moscow City,Russia
1925-09-01,10.39,0.369,Moscow City,Russia
1925-10-01,2.425,0.411,Moscow City,Russia
1925-11-01,-2.418,0.546,Moscow City,Russia
1925-12-01,-6.884,0.517,Moscow City,Russia
1926-01-01,-11.615,0.384,Moscow City,Russia
1926-02-01,-10.322,0.653,Moscow City,Russia
1926-03-01,-5.331,0.775,Moscow City,Russia
1926-04-01,1.935,0.552,Moscow City,Russia
1926-05-01,12.785,0.486,Moscow City,Russia
1926-06-01,16.547,0.524,Moscow City,Russia
1926-07-01,16.928,0.452,Moscow City,Russia
1926-08-01,13.313,0.497,Moscow City,Russia
1926-09-01,10.446,0.512,Moscow City,Russia
1926-10-01,2.642,0.406,Moscow City,Russia
1926-11-01,2.171,0.843,Moscow City,Russia
1926-12-01,-9.01,0.642,Moscow City,Russia
1927-01-01,-13.838,0.572,Moscow City,Russia
1927-02-01,-8.935,0.69,Moscow City,Russia
1927-03-01,-3.415,0.666,Moscow City,Russia
1927-04-01,3.636,0.416,Moscow City,Russia
1927-05-01,9.736,0.48,Moscow City,Russia
1927-06-01,16.382,0.375,Moscow City,Russia
1927-07-01,18.589,0.364,Moscow City,Russia
1927-08-01,18.246,0.552,Moscow City,Russia
1927-09-01,11.837,0.436,Moscow City,Russia
1927-10-01,3.847,0.416,Moscow City,Russia
1927-11-01,-2.54,0.579,Moscow City,Russia
1927-12-01,-11.56,1.052,Moscow City,Russia
1928-01-01,-7.791,0.557,Moscow City,Russia
1928-02-01,-11.936,0.786,Moscow City,Russia
1928-03-01,-7.361,0.922,Moscow City,Russia
1928-04-01,1.706,0.808,Moscow City,Russia
1928-05-01,11.701,0.414,Moscow City,Russia
1928-06-01,12.42,0.55,Moscow City,Russia
1928-07-01,16.269,0.612,Moscow City,Russia
1928-08-01,14.589,0.457,Moscow City,Russia
1928-09-01,10.966,0.347,Moscow City,Russia
1928-10-01,3.846,0.496,Moscow City,Russia
1928-11-01,2.071,0.741,Moscow City,Russia
1928-12-01,-6.934,0.602,Moscow City,Russia
1929-01-01,-11.416,0.329,Moscow City,Russia
1929-02-01,-18.905,0.79,Moscow City,Russia
1929-03-01,-7.531,0.726,Moscow City,Russia
1929-04-01,-1.777,1.355,Moscow City,Russia
1929-05-01,14.255,0.733,Moscow City,Russia
1929-06-01,13.809,0.428,Moscow City,Russia
1929-07-01,17.968,0.597,Moscow City,Russia
1929-08-01,18.443,0.507,Moscow City,Russia
1929-09-01,9.175,0.442,Moscow City,Russia
1929-10-01,7.426,0.482,Moscow City,Russia
1929-11-01,0.628,0.556,Moscow City,Russia
1929-12-01,-5.958,0.521,Moscow City,Russia
1930-01-01,-5.068,0.669,Moscow City,Russia
1930-02-01,-10.152,0.698,Moscow City,Russia
1930-03-01,-1.066,0.578,Moscow City,Russia
1930-04-01,6.288,0.863,Moscow City,Russia
1930-05-01,12.249,0.387,Moscow City,Russia
1930-06-01,13.221,0.733,Moscow City,Russia
1930-07-01,16.993,0.417,Moscow City,Russia
1930-08-01,18.462,0.339,Moscow City,Russia
1930-09-01,8.585,0.367,Moscow City,Russia
1930-10-01,5.145,0.39,Moscow City,Russia
1930-11-01,-0.053,0.46,Moscow City,Russia
1930-12-01,-10.043,0.5,Moscow City,Russia
1931-01-01,-10.976,0.519,Moscow City,Russia
1931-02-01,-14.66,0.719,Moscow City,Russia
1931-03-01,-5.283,0.449,Moscow City,Russia
1931-04-01,2.352,0.481,Moscow City,Russia
1931-05-01,13.747,0.604,Moscow City,Russia
1931-06-01,14.718,0.425,Moscow City,Russia
1931-07-01,20.004,0.453,Moscow City,Russia
1931-08-01,16.494,0.365,Moscow City,Russia
1931-09-01,9.581,0.521,Moscow City,Russia
1931-10-01,3.76,0.468,Moscow City,Russia
1931-11-01,-3.105,0.401,Moscow City,Russia
1931-12-01,-7.247,0.408,Moscow City,Russia
1932-01-01,-3.94,0.49,Moscow City,Russia
1932-02-01,-14.39,0.743,Moscow City,Russia
1932-03-01,-7.811,0.861,Moscow City,Russia
1932-04-01,3.941,0.484,Moscow City,Russia
1932-05-01,13.869,0.42,Moscow City,Russia
1932-06-01,16.514,0.416,Moscow City,Russia
1932-07-01,18.907,0.362,Moscow City,Russia
1932-08-01,18.63,0.402,Moscow City,Russia
1932-09-01,12.192,0.323,Moscow City,Russia
1932-10-01,5.727,0.438,Moscow City,Russia
1932-11-01,-0.782,0.415,Moscow City,Russia
1932-12-01,-1.712,0.521,Moscow City,Russia
1933-01-01,-12.688,0.478,Moscow City,Russia
1933-02-01,-10.423,0.558,Moscow City,Russia
1933-03-01,-4.157,0.546,Moscow City,Russia
1933-04-01,3.959,0.377,Moscow City,Russia
1933-05-01,9.547,0.358,Moscow City,Russia
1933-06-01,14.724,0.374,Moscow City,Russia
1933-07-01,19.338,0.379,Moscow City,Russia
1933-08-01,14.391,0.409,Moscow City,Russia
1933-09-01,10.895,0.299,Moscow City,Russia
1933-10-01,4.697,0.41,Moscow City,Russia
1933-11-01,-3.443,0.794,Moscow City,Russia
1933-12-01,-14.222,0.918,Moscow City,Russia
1934-01-01,-8.113,0.733,Moscow City,Russia
1934-02-01,-7.403,0.574,Moscow City,Russia
1934-03-01,-2.444,0.42,Moscow City,Russia
1934-04-01,5.806,0.392,Moscow City,Russia
1934-05-01,14.481,0.418,Moscow City,Russia
1934-06-01,13.716,0.459,Moscow City,Russia
1934-07-01,19.008,0.325,Moscow City,Russia
1934-08-01,16.694,0.419,Moscow City,Russia
1934-09-01,12.205,0.43,Moscow City,Russia
1934-10-01,7.057,0.363,Moscow City,Russia
1934-11-01,1.594,0.384,Moscow City,Russia
1934-12-01,-9.449,0.507,Moscow City,Russia
1935-01-01,-11.099,0.527,Moscow City,Russia
1935-02-01,-5.058,0.58,Moscow City,Russia
1935-03-01,-3.156,0.42,Moscow City,Russia
1935-04-01,4.58,0.424,Moscow City,Russia
1935-05-01,9.553,0.412,Moscow City,Russia
1935-06-01,16.632,0.399,Moscow City,Russia
1935-07-01,15.316,0.508,Moscow City,Russia
1935-08-01,16.28,0.423,Moscow City,Russia
1935-09-01,11.35,0.36,Moscow City,Russia
1935-10-01,8.41,0.556,Moscow City,Russia
1935-11-01,-2.627,0.39,Moscow City,Russia
1935-12-01,-5.482,0.609,Moscow City,Russia
1936-01-01,-4.794,0.601,Moscow City,Russia
1936-02-01,-12.612,0.41,Moscow City,Russia
1936-03-01,-2.043,0.359,Moscow City,Russia
1936-04-01,4.098,0.32,Moscow City,Russia
1936-05-01,12.272,0.306,Moscow City,Russia
1936-06-01,18.697,0.257,Moscow City,Russia
1936-07-01,22.051,0.469,Moscow City,Russia
1936-08-01,17.411,0.356,Moscow City,Russia
1936-09-01,10.125,0.453,Moscow City,Russia
1936-10-01,2.005,0.397,Moscow City,Russia
1936-11-01,-0.138,0.508,Moscow City,Russia
1936-12-01,-2.709,0.386,Moscow City,Russia
1937-01-01,-11.682,0.65,Moscow City,Russia
1937-02-01,-7.366,0.39,Moscow City,Russia
1937-03-01,-1.517,0.382,Moscow City,Russia
1937-04-01,7.138,0.333,Moscow City,Russia
1937-05-01,11.858,0.252,Moscow City,Russia
1937-06-01,17.092,0.78,Moscow City,Russia
1937-07-01,17.682,0.283,Moscow City,Russia
1937-08-01,17.572,0.342,Moscow City,Russia
1937-09-01,14.024,0.354,Moscow City,Russia
1937-10-01,5.508,0.226,Moscow City,Russia
1937-11-01,-0.399,0.597,Moscow City,Russia
1937-12-01,-8.019,0.432,Moscow City,Russia
1938-01-01,-8.963,0.401,Moscow City,Russia
1938-02-01,-6.492,0.479,Moscow City,Russia
1938-03-01,-0.975,0.368,Moscow City,Russia
1938-04-01,3.785,0.41,Moscow City,Russia
1938-05-01,11.809,0.354,Moscow City,Russia
1938-06-01,15.632,0.309,Moscow City,Russia
1938-07-01,22.336,0.645,Moscow City,Russia
1938-08-01,20.726,0.631,Moscow City,Russia
1938-09-01,14.707,0.279,Moscow City,Russia
1938-10-01,6.136,0.345,Moscow City,Russia
1938-11-01,2.614,0.465,Moscow City,Russia
1938-12-01,-10.298,0.255,Moscow City,Russia
1939-01-01,-8.636,0.327,Moscow City,Russia
1939-02-01,-4.34,0.506,Moscow City,Russia
1939-03-01,-3.64,0.415,Moscow City,Russia
1939-04-01,3.163,0.445,Moscow City,Russia
1939-05-01,11.132,0.552,Moscow City,Russia
1939-06-01,17.11,0.366,Moscow City,Russia
1939-07-01,19.616,0.453,Moscow City,Russia
1939-08-01,18.509,0.603,Moscow City,Russia
1939-09-01,8.578,0.266,Moscow City,Russia
1939-10-01,1.617,0.294,Moscow City,Russia
1939-11-01,-0.411,0.431,Moscow City,Russia
1939-12-01,-7.179,0.313,Moscow City,Russia
1940-01-01,-18.786,0.32,Moscow City,Russia
1940-02-01,-12.326,0.908,Moscow City,Russia
1940-03-01,-5.939,0.495,Moscow City,Russia
1940-04-01,2.61,0.312,Moscow City,Russia
1940-05-01,12.2,0.6,Moscow City,Russia
1940-06-01,15.391,0.261,Moscow City,Russia
1940-07-01,18.739,0.289,Moscow City,Russia
1940-08-01,17.573,0.461,Moscow City,Russia
1940-09-01,12.543,0.347,Moscow City,Russia
1940-10-01,2.377,0.339,Moscow City,Russia
1940-11-01,1.423,0.36,Moscow City,Russia
1940-12-01,-7.906,0.492,Moscow City,Russia
1941-01-01,-14.409,0.711,Moscow City,Russia
1941-02-01,-9.982,0.353,Moscow City,Russia
1941-03-01,-6.609,0.453,Moscow City,Russia
1941-04-01,1.176,0.502,Moscow City,Russia
1941-05-01,7.342,0.347,Moscow City,Russia
1941-06-01,12.333,0.311,Moscow City,Russia
1941-07-01,20.257,0.373,Moscow City,Russia
1941-08-01,16.713,0.407,Moscow City,Russia
1941-09-01,9.054,0.448,Moscow City,Russia
1941-10-01,1.859,0.645,Moscow City,Russia
1941-11-01,-5.645,0.763,Moscow City,Russia
1941-12-01,-12.003,0.628,Moscow City,Russia
1942-01-01,-19.376,1.484,Moscow City,Russia
1942-02-01,-11.923,0.434,Moscow City,Russia
1942-03-01,-10.308,0.432,Moscow City,Russia
1942-04-01,2.37,0.46,Moscow City,Russia
1942-05-01,11.435,0.579,Moscow City,Russia
1942-06-01,13.891,0.451,Moscow City,Russia
1942-07-01,17.557,0.428,Moscow City,Russia
1942-08-01,16.252,0.332,Moscow City,Russia
1942-09-01,10.719,0.469,Moscow City,Russia
1942-10-01,5.935,0.31,Moscow City,Russia
1942-11-01,-4.048,0.307,Moscow City,Russia
1942-12-01,-7.468,0.61,Moscow City,Russia
1943-01-01,-14.795,0.928,Moscow City,Russia
1943-02-01,-6.517,0.477,Moscow City,Russia
1943-03-01,-3.202,0.848,Moscow City,Russia
1943-04-01,6.149,0.333,Moscow City,Russia
1943-05-01,12.254,0.365,Moscow City,Russia
1943-06-01,15.783,0.364,Moscow City,Russia
1943-07-01,17.434,0.373,Moscow City,Russia
1943-08-01,16.486,0.343,Moscow City,Russia
1943-09-01,10.718,0.352,Moscow City,Russia
1943-10-01,5.651,0.449,Moscow City,Russia
1943-11-01,-0.487,0.478,Moscow City,Russia
1943-12-01,-3.862,0.555,Moscow City,Russia
1944-01-01,-3.97,0.383,Moscow City,Russia
1944-02-01,-5.793,0.295,Moscow City,Russia
1944-03-01,-2.398,0.342,Moscow City,Russia
1944-04-01,1.498,0.611,Moscow City,Russia
1944-05-01,11.612,0.37,Moscow City,Russia
1944-06-01,14.92,0.305,Moscow City,Russia
1944-07-01,17.849,0.33,Moscow City,Russia
1944-08-01,15.82,0.359,Moscow City,Russia
1944-09-01,12.754,0.323,Moscow City,Russia
1944-10-01,5.195,0.322,Moscow City,Russia
1944-11-01,-1.72,0.403,Moscow City,Russia
1944-12-01,-8.635,0.476,Moscow City,Russia
1945-01-01,-10.639,0.565,Moscow City,Russia
1945-02-01,-9.557,0.572,Moscow City,Russia
1945-03-01,-6.151,0.468,Moscow City,Russia
1945-04-01,3.071,0.425,Moscow City,Russia
1945-05-01,8.387,0.811,Moscow City,Russia
1945-06-01,14.885,0.492,Moscow City,Russia
1945-07-01,17.902,0.397,Moscow City,Russia
1945-08-01,17.334,0.353,Moscow City,Russia
1945-09-01,10.653,0.498,Moscow City,Russia
1945-10-01,2.449,0.564,Moscow City,Russia
1945-11-01,-2.914,0.329,Moscow City,Russia
1945-12-01,-10.171,1.109,Moscow City,Russia
1946-01-01,-8.266,0.525,Moscow City,Russia
1946-02-01,-8.83,0.484,Moscow City,Russia
1946-03-01,-4.118,0.357,Moscow City,Russia
1946-04-01,4.073,0.355,Moscow City,Russia
1946-05-01,11.495,0.372,Moscow City,Russia
1946-06-01,19.193,0.566,Moscow City,Russia
1946-07-01,18.205,0.33,Moscow City,Russia
1946-08-01,18.413,0.321,Moscow City,Russia
1946-09-01,11.195,0.263,Moscow City,Russia
1946-10-01,-0.086,0.26,Moscow City,Russia
1946-11-01,-4.01,0.513,Moscow City,Russia
1946-12-01,-8.137,0.466,Moscow City,Russia
1947-01-01,-10.871,0.604,Moscow City,Russia
1947-02-01,-14.011,0.53,Moscow City,Russia
1947-03-01,-4.964,0.456,Moscow City,Russia
1947-04-01,4.946,0.262,Moscow City,Russia
1947-05-01,10.427,0.373,Moscow City,Russia
1947-06-01,16.944,0.331,Moscow City,Russia
1947-07-01,17.844,0.331,Moscow City,Russia
1947-08-01,16.349,0.287,Moscow City,Russia
1947-09-01,11.532,0.271,Moscow City,Russia
1947-10-01,2.704,0.291,Moscow City,Russia
1947-11-01,-1.704,0.301,Moscow City,Russia
1947-12-01,-3.958,0.371,Moscow City,Russia
1948-01-01,-7.556,0.358,Moscow City,Russia
1948-02-01,-10.558,0.41,Moscow City,Russia
1948-03-01,-4.963,0.583,Moscow City,Russia
1948-04-01,5.185,0.459,Moscow City,Russia
1948-05-01,14.955,0.262,Moscow City,Russia
1948-06-01,19.453,0.262,Moscow City,Russia
1948-07-01,16.101,0.308,Moscow City,Russia
1948-08-01,16.873,0.402,Moscow City,Russia
1948-09-01,10.662,0.278,Moscow City,Russia
1948-10-01,4.372,0.234,Moscow City,Russia
1948-11-01,-1.696,0.284,Moscow City,Russia
1948-12-01,-5.484,0.524,Moscow City,Russia
1949-01-01,-4.478,0.487,Moscow City,Russia
1949-02-01,-7.868,0.45,Moscow City,Russia
1949-03-01,-3.386,0.437,Moscow City,Russia
1949-04-01,3.889,0.266,Moscow City,Russia
1949-05-01,14.643,0.303,Moscow City,Russia
1949-06-01,16.451,0.258,Moscow City,Russia
1949-07-01,16.935,0.282,Moscow City,Russia
1949-08-01,15.907,0.336,Moscow City,Russia
1949-09-01,11.515,0.292,Moscow City,Russia
1949-10-01,4.352,0.406,Moscow City,Russia
1949-11-01,-0.322,0.355,Moscow City,Russia
1949-12-01,-4.354,0.526,Moscow City,Russia
1950-01-01,-17.882,0.748,Moscow City,Russia
1950-02-01,-6.81,0.313,Moscow City,Russia
1950-03-01,-2.532,0.367,Moscow City,Russia
1950-04-01,8.614,0.512,Moscow City,Russia
1950-05-01,11.418,0.464,Moscow City,Russia
1950-06-01,14.855,0.271,Moscow City,Russia
1950-07-01,15.515,0.228,Moscow City,Russia
1950-08-01,13.976,0.274,Moscow City,Russia
1950-09-01,11.77,0.26,Moscow City,Russia
1950-10-01,4.598,0.235,Moscow City,Russia
1950-11-01,-0.539,0.467,Moscow City,Russia
1950-12-01,-5.828,0.542,Moscow City,Russia
1951-01-01,-12.088,0.604,Moscow City,Russia
1951-02-01,-12.69,0.283,Moscow City,Russia
1951-03-01,-3.894,0.608,Moscow City,Russia
1951-04-01,7.932,0.547,Moscow City,Russia
1951-05-01,9.377,0.355,Moscow City,Russia
1951-06-01,16.432,0.459,Moscow City,Russia
1951-07-01,17.534,0.34,Moscow City,Russia
1951-08-01,17.925,0.357,Moscow City,Russia
1951-09-01,11.858,0.345,Moscow City,Russia
1951-10-01,2.393,0.289,Moscow City,Russia
1951-11-01,-4.652,0.596,Moscow City,Russia
1951-12-01,-2.209,0.682,Moscow City,Russia
1952-01-01,-4.422,0.468,Moscow City,Russia
1952-02-01,-7.309,0.319,Moscow City,Russia
1952-03-01,-10.227,0.35,Moscow City,Russia
1952-04-01,4.006,0.503,Moscow City,Russia
1952-05-01,10.214,0.28,Moscow City,Russia
1952-06-01,16.277,0.283,Moscow City,Russia
1952-07-01,17.247,0.208,Moscow City,Russia
1952-08-01,16.444,0.172,Moscow City,Russia
1952-09-01,11.83,0.388,Moscow City,Russia
1952-10-01,3.891,0.266,Moscow City,Russia
1952-11-01,-1.194,0.29,Moscow City,Russia
1952-12-01,-6.268,0.388,Moscow City,Russia
1953-01-01,-10.5,0.462,Moscow City,Russia
1953-02-01,-15.542,0.642,Moscow City,Russia
1953-03-01,-3.508,0.344,Moscow City,Russia
1953-04-01,6.48,0.346,Moscow City,Russia
1953-05-01,11.005,0.318,Moscow City,Russia
1953-06-01,18.317,0.271,Moscow City,Russia
1953-07-01,18.525,0.212,Moscow City,Russia
1953-08-01,16.967,0.261,Moscow City,Russia
1953-09-01,9.987,0.324,Moscow City,Russia
1953-10-01,5.531,0.269,Moscow City,Russia
1953-11-01,-3.35,0.366,Moscow City,Russia
1953-12-01,-5.86,0.481,Moscow City,Russia
1954-01-01,-14.726,0.527,Moscow City,Russia
1954-02-01,-15.044,0.294,Moscow City,Russia
1954-03-01,-3.914,0.408,Moscow City,Russia
1954-04-01,2.612,0.413,Moscow City,Russia
1954-05-01,12.799,0.291,Moscow City,Russia
1954-06-01,18.305,0.298,Moscow City,Russia
1954-07-01,19.878,0.26,Moscow City,Russia
1954-08-01,17.889,0.221,Moscow City,Russia
1954-09-01,12.162,0.314,Moscow City,Russia
1954-10-01,5.251,0.288,Moscow City,Russia
1954-11-01,-1.523,0.555,Moscow City,Russia
1954-12-01,-5.26,0.513,Moscow City,Russia
1955-01-01,-6.922,0.443,Moscow City,Russia
1955-02-01,-6.913,0.39,Moscow City,Russia
1955-03-01,-5.4,0.13,Moscow City,Russia
1955-04-01,0.955,0.292,Moscow City,Russia
1955-05-01,10.122,0.243,Moscow City,Russia
1955-06-01,14.463,0.334,Moscow City,Russia
1955-07-01,17.339,0.276,Moscow City,Russia
1955-08-01,17.247,0.277,Moscow City,Russia
1955-09-01,13.585,0.281,Moscow City,Russia
1955-10-01,7.438,0.232,Moscow City,Russia
1955-11-01,-3.513,0.316,Moscow City,Russia
1955-12-01,-13.826,0.577,Moscow City,Russia
1956-01-01,-11.121,0.25,Moscow City,Russia
1956-02-01,-18.943,0.386,Moscow City,Russia
1956-03-01,-4.989,0.649,Moscow City,Russia
1956-04-01,3.086,0.471,Moscow City,Russia
1956-05-01,10.534,0.404,Moscow City,Russia
1956-06-01,19.467,0.273,Moscow City,Russia
1956-07-01,15.127,0.295,Moscow City,Russia
1956-08-01,14.644,0.338,Moscow City,Russia
1956-09-01,8.537,0.296,Moscow City,Russia
1956-10-01,4.36,0.346,Moscow City,Russia
1956-11-01,-6.075,0.5,Moscow City,Russia
1956-12-01,-5.173,0.343,Moscow City,Russia
1957-01-01,-6.904,0.34,Moscow City,Russia
1957-02-01,-2.199,0.647,Moscow City,Russia
1957-03-01,-6.365,0.437,Moscow City,Russia
1957-04-01,5.911,0.438,Moscow City,Russia
1957-05-01,13.952,0.27,Moscow City,Russia
1957-06-01,15.229,0.69,Moscow City,Russia
1957-07-01,18.069,0.617,Moscow City,Russia
1957-08-01,16.635,0.752,Moscow City,Russia
1957-09-01,12.09,0.509,Moscow City,Russia
1957-10-01,4.874,0.47,Moscow City,Russia
1957-11-01,-1.134,0.309,Moscow City,Russia
1957-12-01,-5.62,0.465,Moscow City,Russia
1958-01-01,-7.732,0.392,Moscow City,Russia
1958-02-01,-8.113,0.398,Moscow City,Russia
1958-03-01,-6.845,0.549,Moscow City,Russia
1958-04-01,2.993,0.288,Moscow City,Russia
1958-05-01,12.809,0.332,Moscow City,Russia
1958-06-01,14.344,0.424,Moscow City,Russia
1958-07-01,17.488,0.431,Moscow City,Russia
1958-08-01,15.252,0.264,Moscow City,Russia
1958-09-01,9.077,0.253,Moscow City,Russia
1958-10-01,5.788,0.231,Moscow City,Russia
1958-11-01,-0.979,0.401,Moscow City,Russia
1958-12-01,-7.421,0.517,Moscow City,Russia
1959-01-01,-4.88,0.454,Moscow City,Russia
1959-02-01,-5.94,0.299,Moscow City,Russia
1959-03-01,-2.347,0.264,Moscow City,Russia
1959-04-01,5.935,0.269,Moscow City,Russia
1959-05-01,11.36,0.438,Moscow City,Russia
1959-06-01,16.515,0.276,Moscow City,Russia
1959-07-01,20.133,0.546,Moscow City,Russia
1959-08-01,16.753,0.345,Moscow City,Russia
1959-09-01,8.321,0.402,Moscow City,Russia
1959-10-01,2.196,0.155,Moscow City,Russia
1959-11-01,-5.092,0.335,Moscow City,Russia
1959-12-01,-11.299,0.385,Moscow City,Russia
1960-01-01,-9.95,0.207,Moscow City,Russia
1960-02-01,-8.441,0.272,Moscow City,Russia
1960-03-01,-6.274,0.528,Moscow City,Russia
1960-04-01,4.077,0.392,Moscow City,Russia
1960-05-01,11.375,0.275,Moscow City,Russia
1960-06-01,17.681,0.203,Moscow City,Russia
1960-07-01,20.455,0.375,Moscow City,Russia
1960-08-01,16.232,0.248,Moscow City,Russia
1960-09-01,9.942,0.284,Moscow City,Russia
1960-10-01,2.443,0.391,Moscow City,Russia
1960-11-01,-3.323,0.26,Moscow City,Russia
1960-12-01,-0.271,0.264,Moscow City,Russia
1961-01-01,-6.836,0.308,Moscow City,Russia
1961-02-01,-3.328,0.226,Moscow City,Russia
1961-03-01,0.037,0.202,Moscow City,Russia
1961-04-01,3.962,0.345,Moscow City,Russia
1961-05-01,11.262,0.277,Moscow City,Russia
1961-06-01,18.252,0.352,Moscow City,Russia
1961-07-01,18.602,0.283,Moscow City,Russia
1961-08-01,16.363,0.182,Moscow City,Russia
1961-09-01,9.784,0.144,Moscow City,Russia
1961-10-01,5.762,0.457,Moscow City,Russia
1961-11-01,-2,0.285,Moscow City,Russia
1961-12-01,-8.554,0.314,Moscow City,Russia
1962-01-01,-5.24,0.216,Moscow City,Russia
1962-02-01,-7.159,0.268,Moscow City,Russia
1962-03-01,-6.043,0.296,Moscow City,Russia
1962-04-01,6.998,0.325,Moscow City,Russia
1962-05-01,12.692,0.223,Moscow City,Russia
1962-06-01,13.085,0.67,Moscow City,Russia
1962-07-01,16.028,0.318,Moscow City,Russia
1962-08-01,14.413,0.264,Moscow City,Russia
1962-09-01,10.662,0.285,Moscow City,Russia
1962-10-01,5.966,0.409,Moscow City,Russia
1962-11-01,0.897,0.223,Moscow City,Russia
1962-12-01,-7.846,0.23,Moscow City,Russia
1963-01-01,-17.094,0.345,Moscow City,Russia
1963-02-01,-10.828,0.332,Moscow City,Russia
1963-03-01,-10.202,0.268,Moscow City,Russia
1963-04-01,2.718,0.222,Moscow City,Russia
1963-05-01,15.755,0.271,Moscow City,Russia
1963-06-01,13.255,0.323,Moscow City,Russia
1963-07-01,18.531,0.394,Moscow City,Russia
1963-08-01,17.425,0.178,Moscow City,Russia
1963-09-01,13.385,0.349,Moscow City,Russia
1963-10-01,5.517,0.144,Moscow City,Russia
1963-11-01,-0.652,0.301,Moscow City,Russia
1963-12-01,-9.748,0.236,Moscow City,Russia
1964-01-01,-8.567,0.472,Moscow City,Russia
1964-02-01,-11.378,0.277,Moscow City,Russia
1964-03-01,-6.91,0.206,Moscow City,Russia
1964-04-01,3.815,0.141,Moscow City,Russia
1964-05-01,11.001,0.228,Moscow City,Russia
1964-06-01,18.067,0.363,Moscow City,Russia
1964-07-01,19.14,0.263,Moscow City,Russia
1964-08-01,15.377,0.311,Moscow City,Russia
1964-09-01,11.708,0.177,Moscow City,Russia
1964-10-01,6.703,0.271,Moscow City,Russia
1964-11-01,-2.504,0.14,Moscow City,Russia
1964-12-01,-3.381,0.289,Moscow City,Russia
1965-01-01,-10.229,0.199,Moscow City,Russia
1965-02-01,-10.917,0.25,Moscow City,Russia
1965-03-01,-4.344,0.373,Moscow City,Russia
1965-04-01,1.553,0.186,Moscow City,Russia
1965-05-01,9.255,0.415,Moscow City,Russia
1965-06-01,15.255,0.508,Moscow City,Russia
1965-07-01,16.207,0.362,Moscow City,Russia
1965-08-01,15.262,0.144,Moscow City,Russia
1965-09-01,12.961,0.17,Moscow City,Russia
1965-10-01,3.405,0.317,Moscow City,Russia
1965-11-01,-6.084,0.361,Moscow City,Russia
1965-12-01,-2.122,0.281,Moscow City,Russia
1966-01-01,-9.96,0.303,Moscow City,Russia
1966-02-01,-9.075,0.262,Moscow City,Russia
1966-03-01,-0.379,0.256,Moscow City,Russia
1966-04-01,8.241,0.299,Moscow City,Russia
1966-05-01,14.685,0.25,Moscow City,Russia
1966-06-01,15.843,0.34,Moscow City,Russia
1966-07-01,18.569,0.333,Moscow City,Russia
1966-08-01,16.642,0.241,Moscow City,Russia
1966-09-01,9.501,0.271,Moscow City,Russia
1966-10-01,5.578,0.146,Moscow City,Russia
1966-11-01,-1.418,0.13,Moscow City,Russia
1966-12-01,-10.465,0.281,Moscow City,Russia
1967-01-01,-15.262,0.472,Moscow City,Russia
1967-02-01,-11.484,0.305,Moscow City,Russia
1967-03-01,-0.346,0.349,Moscow City,Russia
1967-04-01,5.74,0.196,Moscow City,Russia
1967-05-01,16.116,0.34,Moscow City,Russia
1967-06-01,15.644,0.213,Moscow City,Russia
1967-07-01,17.174,0.346,Moscow City,Russia
1967-08-01,17.805,0.365,Moscow City,Russia
1967-09-01,11.227,0.302,Moscow City,Russia
1967-10-01,8.376,0.15,Moscow City,Russia
1967-11-01,0.082,0.205,Moscow City,Russia
1967-12-01,-10.416,0.179,Moscow City,Russia
1968-01-01,-16.707,0.437,Moscow City,Russia
1968-02-01,-9.73,0.503,Moscow City,Russia
1968-03-01,-2.426,0.296,Moscow City,Russia
1968-04-01,5.658,0.23,Moscow City,Russia
1968-05-01,11.691,0.199,Moscow City,Russia
1968-06-01,17.105,0.355,Moscow City,Russia
1968-07-01,15.47,0.226,Moscow City,Russia
1968-08-01,17.462,0.205,Moscow City,Russia
1968-09-01,10.683,0.256,Moscow City,Russia
1968-10-01,2.585,0.241,Moscow City,Russia
1968-11-01,-3.18,0.269,Moscow City,Russia
1968-12-01,-5.668,0.248,Moscow City,Russia
1969-01-01,-16.939,0.467,Moscow City,Russia
1969-02-01,-13.899,0.276,Moscow City,Russia
1969-03-01,-8.039,0.296,Moscow City,Russia
1969-04-01,5.171,0.372,Moscow City,Russia
1969-05-01,10.668,0.182,Moscow City,Russia
1969-06-01,14.153,0.299,Moscow City,Russia
1969-07-01,17.251,0.252,Moscow City,Russia
1969-08-01,15.898,0.243,Moscow City,Russia
1969-09-01,9.775,0.36,Moscow City,Russia
1969-10-01,4.11,0.265,Moscow City,Russia
1969-11-01,1.432,0.253,Moscow City,Russia
1969-12-01,-9.979,0.228,Moscow City,Russia
1970-01-01,-11.197,0.378,Moscow City,Russia
1970-02-01,-9.076,0.211,Moscow City,Russia
1970-03-01,-3.31,0.344,Moscow City,Russia
1970-04-01,5.114,0.196,Moscow City,Russia
1970-05-01,12.092,0.235,Moscow City,Russia
1970-06-01,15.412,0.325,Moscow City,Russia
1970-07-01,19.032,0.214,Moscow City,Russia
1970-08-01,15.875,0.169,Moscow City,Russia
1970-09-01,10.957,0.188,Moscow City,Russia
1970-10-01,4.874,0.163,Moscow City,Russia
1970-11-01,-2.14,0.24,Moscow City,Russia
1970-12-01,-6.397,0.319,Moscow City,Russia
1971-01-01,-4.393,0.211,Moscow City,Russia
1971-02-01,-10.003,0.274,Moscow City,Russia
1971-03-01,-4.8,0.136,Moscow City,Russia
1971-04-01,3.131,0.269,Moscow City,Russia
1971-05-01,12.157,0.189,Moscow City,Russia
1971-06-01,16.148,0.174,Moscow City,Russia
1971-07-01,17.184,0.247,Moscow City,Russia
1971-08-01,16.36,0.257,Moscow City,Russia
1971-09-01,10.745,0.299,Moscow City,Russia
1971-10-01,3.03,0.187,Moscow City,Russia
1971-11-01,-1.131,0.209,Moscow City,Russia
1971-12-01,-6.004,0.256,Moscow City,Russia
1972-01-01,-15.765,0.331,Moscow City,Russia
1972-02-01,-8.468,0.341,Moscow City,Russia
1972-03-01,-3.301,0.266,Moscow City,Russia
1972-04-01,5.423,0.239,Moscow City,Russia
1972-05-01,12.206,0.211,Moscow City,Russia
1972-06-01,18.215,0.289,Moscow City,Russia
1972-07-01,21.357,0.383,Moscow City,Russia
1972-08-01,20.331,0.457,Moscow City,Russia
1972-09-01,10.871,0.223,Moscow City,Russia
1972-10-01,4.554,0.342,Moscow City,Russia
1972-11-01,-0.615,0.213,Moscow City,Russia
1972-12-01,-1.572,0.375,Moscow City,Russia
1973-01-01,-11.014,0.374,Moscow City,Russia
1973-02-01,-4.035,0.23,Moscow City,Russia
1973-03-01,-2.206,0.3,Moscow City,Russia
1973-04-01,7.163,0.24,Moscow City,Russia
1973-05-01,12.674,0.362,Moscow City,Russia
1973-06-01,17.22,0.205,Moscow City,Russia
1973-07-01,17.721,0.222,Moscow City,Russia
1973-08-01,15.39,0.293,Moscow City,Russia
1973-09-01,7.187,0.182,Moscow City,Russia
1973-10-01,2.851,0.219,Moscow City,Russia
1973-11-01,-2.599,0.129,Moscow City,Russia
1973-12-01,-6.559,0.225,Moscow City,Russia
1974-01-01,-11.29,0.208,Moscow City,Russia
1974-02-01,-2.269,0.249,Moscow City,Russia
1974-03-01,-1.085,0.201,Moscow City,Russia
1974-04-01,2.746,0.159,Moscow City,Russia
1974-05-01,9.22,0.278,Moscow City,Russia
1974-06-01,15.79,0.227,Moscow City,Russia
1974-07-01,17.756,0.206,Moscow City,Russia
1974-08-01,15.64,0.197,Moscow City,Russia
1974-09-01,12.669,0.216,Moscow City,Russia
1974-10-01,8.044,0.179,Moscow City,Russia
1974-11-01,1.281,0.365,Moscow City,Russia
1974-12-01,-3.096,0.195,Moscow City,Russia
1975-01-01,-4.243,0.202,Moscow City,Russia
1975-02-01,-6.939,0.264,Moscow City,Russia
1975-03-01,0.272,0.279,Moscow City,Russia
1975-04-01,9.201,0.22,Moscow City,Russia
1975-05-01,15.474,0.308,Moscow City,Russia
1975-06-01,17.056,0.358,Moscow City,Russia
1975-07-01,18.012,0.297,Moscow City,Russia
1975-08-01,15.033,0.511,Moscow City,Russia
1975-09-01,13.45,0.25,Moscow City,Russia
1975-10-01,3.556,0.272,Moscow City,Russia
1975-11-01,-3.994,0.194,Moscow City,Russia
1975-12-01,-4.707,0.171,Moscow City,Russia
1976-01-01,-13.01,0.304,Moscow City,Russia
1976-02-01,-12.728,0.409,Moscow City,Russia
1976-03-01,-3.515,0.355,Moscow City,Russia
1976-04-01,5.037,0.257,Moscow City,Russia
1976-05-01,10.311,0.384,Moscow City,Russia
1976-06-01,13.256,0.308,Moscow City,Russia
1976-07-01,15.906,0.414,Moscow City,Russia
1976-08-01,14.202,0.209,Moscow City,Russia
1976-09-01,9.35,0.269,Moscow City,Russia
1976-10-01,-1.456,0.372,Moscow City,Russia
1976-11-01,-1.265,0.173,Moscow City,Russia
1976-12-01,-4.272,0.28,Moscow City,Russia
1977-01-01,-12.164,0.346,Moscow City,Russia
1977-02-01,-7.053,0.166,Moscow City,Russia
1977-03-01,-1.581,0.167,Moscow City,Russia
1977-04-01,6.43,0.172,Moscow City,Russia
1977-05-01,13.692,0.251,Moscow City,Russia
1977-06-01,16.224,0.326,Moscow City,Russia
1977-07-01,18.078,0.308,Moscow City,Russia
1977-08-01,15.402,0.282,Moscow City,Russia
1977-09-01,9.283,0.228,Moscow City,Russia
1977-10-01,2.775,0.218,Moscow City,Russia
1977-11-01,1.212,0.141,Moscow City,Russia
1977-12-01,-9.173,0.211,Moscow City,Russia
1978-01-01,-8.997,0.375,Moscow City,Russia
1978-02-01,-10.391,0.235,Moscow City,Russia
1978-03-01,-0.477,0.139,Moscow City,Russia
1978-04-01,4.141,0.35,Moscow City,Russia
1978-05-01,10.174,0.352,Moscow City,Russia
1978-06-01,13.817,0.182,Moscow City,Russia
1978-07-01,15.879,0.328,Moscow City,Russia
1978-08-01,15.541,0.209,Moscow City,Russia
1978-09-01,9.394,0.126,Moscow City,Russia
1978-10-01,2.929,0.241,Moscow City,Russia
1978-11-01,1.716,0.279,Moscow City,Russia
1978-12-01,-15.152,0.214,Moscow City,Russia
1979-01-01,-10.988,0.278,Moscow City,Russia
1979-02-01,-10.093,0.343,Moscow City,Russia
1979-03-01,-1.622,0.177,Moscow City,Russia
1979-04-01,2.739,0.276,Moscow City,Russia
1979-05-01,16.079,0.456,Moscow City,Russia
1979-06-01,16.736,0.214,Moscow City,Russia
1979-07-01,16.065,0.17,Moscow City,Russia
1979-08-01,16.552,0.225,Moscow City,Russia
1979-09-01,11.509,0.126,Moscow City,Russia
1979-10-01,3.085,0.18,Moscow City,Russia
1979-11-01,-1.406,0.217,Moscow City,Russia
1979-12-01,-6.226,0.252,Moscow City,Russia
1980-01-01,-12.561,0.285,Moscow City,Russia
1980-02-01,-8.412,0.211,Moscow City,Russia
1980-03-01,-7.762,0.327,Moscow City,Russia
1980-04-01,5.034,0.182,Moscow City,Russia
1980-05-01,8.05,0.154,Moscow City,Russia
1980-06-01,17.238,0.238,Moscow City,Russia
1980-07-01,17.043,0.219,Moscow City,Russia
1980-08-01,14.538,0.265,Moscow City,Russia
1980-09-01,10.61,0.112,Moscow City,Russia
1980-10-01,4.692,0.179,Moscow City,Russia
1980-11-01,-2.599,0.205,Moscow City,Russia
1980-12-01,-4.957,0.204,Moscow City,Russia
1981-01-01,-6.564,0.266,Moscow City,Russia
1981-02-01,-6.007,0.295,Moscow City,Russia
1981-03-01,-4.102,0.233,Moscow City,Russia
1981-04-01,2.614,0.235,Moscow City,Russia
1981-05-01,13.361,0.235,Moscow City,Russia
1981-06-01,18.901,0.298,Moscow City,Russia
1981-07-01,20.713,0.377,Moscow City,Russia
1981-08-01,16.811,0.282,Moscow City,Russia
1981-09-01,10.77,0.22,Moscow City,Russia
1981-10-01,7.048,0.248,Moscow City,Russia
1981-11-01,-1.078,0.154,Moscow City,Russia
1981-12-01,-4.373,0.178,Moscow City,Russia
1982-01-01,-10.582,0.207,Moscow City,Russia
1982-02-01,-9.78,0.311,Moscow City,Russia
1982-03-01,-1.347,0.185,Moscow City,Russia
1982-04-01,4.696,0.147,Moscow City,Russia
1982-05-01,11.357,0.222,Moscow City,Russia
1982-06-01,13.368,0.26,Moscow City,Russia
1982-07-01,17.601,0.221,Moscow City,Russia
1982-08-01,16.489,0.111,Moscow City,Russia
1982-09-01,11.554,0.177,Moscow City,Russia
1982-10-01,3.809,0.135,Moscow City,Russia
1982-11-01,1.498,0.258,Moscow City,Russia
1982-12-01,-1.691,0.255,Moscow City,Russia
1983-01-01,-4.66,0.197,Moscow City,Russia
1983-02-01,-7.887,0.304,Moscow City,Russia
1983-03-01,-2.251,0.21,Moscow City,Russia
1983-04-01,8.753,0.13,Moscow City,Russia
1983-05-01,15.024,0.25,Moscow City,Russia
1983-06-01,14.369,0.255,Moscow City,Russia
1983-07-01,17.513,0.197,Moscow City,Russia
1983-08-01,15.712,0.247,Moscow City,Russia
1983-09-01,11.965,0.203,Moscow City,Russia
1983-10-01,5.521,0.226,Moscow City,Russia
1983-11-01,-2.051,0.199,Moscow City,Russia
1983-12-01,-4.184,0.273,Moscow City,Russia
1984-01-01,-5.302,0.223,Moscow City,Russia
1984-02-01,-11.644,0.368,Moscow City,Russia
1984-03-01,-3.161,0.237,Moscow City,Russia
1984-04-01,6.753,0.132,Moscow City,Russia
1984-05-01,15.33,0.125,Moscow City,Russia
1984-06-01,14.774,0.245,Moscow City,Russia
1984-07-01,16.869,0.278,Moscow City,Russia
1984-08-01,14.843,0.226,Moscow City,Russia
1984-09-01,12.248,0.181,Moscow City,Russia
1984-10-01,6.223,0.228,Moscow City,Russia
1984-11-01,-3.697,0.223,Moscow City,Russia
1984-12-01,-10.203,0.292,Moscow City,Russia
1985-01-01,-11.415,0.317,Moscow City,Russia
1985-02-01,-15.431,0.304,Moscow City,Russia
1985-03-01,-4.423,0.298,Moscow City,Russia
1985-04-01,4.624,0.316,Moscow City,Russia
1985-05-01,12.718,0.369,Moscow City,Russia
1985-06-01,14.458,0.344,Moscow City,Russia
1985-07-01,16.125,0.227,Moscow City,Russia
1985-08-01,18.891,0.229,Moscow City,Russia
1985-09-01,9.794,0.197,Moscow City,Russia
1985-10-01,5.618,0.198,Moscow City,Russia
1985-11-01,-3.931,0.186,Moscow City,Russia
1985-12-01,-7.395,0.333,Moscow City,Russia
1986-01-01,-7.456,0.344,Moscow City,Russia
1986-02-01,-15.167,0.384,Moscow City,Russia
1986-03-01,-0.969,0.281,Moscow City,Russia
1986-04-01,6.449,0.291,Moscow City,Russia
1986-05-01,12.966,0.322,Moscow City,Russia
1986-06-01,17.801,0.274,Moscow City,Russia
1986-07-01,17.329,0.239,Moscow City,Russia
1986-08-01,16.247,0.225,Moscow City,Russia
1986-09-01,8.349,0.283,Moscow City,Russia
1986-10-01,3.731,0.167,Moscow City,Russia
1986-11-01,-0.75,0.291,Moscow City,Russia
1986-12-01,-8.197,0.144,Moscow City,Russia
1987-01-01,-18.87,0.333,Moscow City,Russia
1987-02-01,-7.139,0.223,Moscow City,Russia
1987-03-01,-6.819,0.266,Moscow City,Russia
1987-04-01,2.104,0.198,Moscow City,Russia
1987-05-01,12.201,0.186,Moscow City,Russia
1987-06-01,17.035,0.289,Moscow City,Russia
1987-07-01,16.27,0.258,Moscow City,Russia
1987-08-01,14.691,0.273,Moscow City,Russia
1987-09-01,8.939,0.221,Moscow City,Russia
1987-10-01,2.972,0.229,Moscow City,Russia
1987-11-01,-3.614,0.169,Moscow City,Russia
1987-12-01,-7.908,0.16,Moscow City,Russia
1988-01-01,-8.38,0.194,Moscow City,Russia
1988-02-01,-6.855,0.248,Moscow City,Russia
1988-03-01,-1.548,0.318,Moscow City,Russia
1988-04-01,4.473,0.242,Moscow City,Russia
1988-05-01,13.316,0.401,Moscow City,Russia
1988-06-01,18.777,0.24,Moscow City,Russia
1988-07-01,20.857,0.219,Moscow City,Russia
1988-08-01,16.155,0.157,Moscow City,Russia
1988-09-01,11.109,0.21,Moscow City,Russia
1988-10-01,4.142,0.137,Moscow City,Russia
1988-11-01,-5.344,0.208,Moscow City,Russia
1988-12-01,-8.008,0.222,Moscow City,Russia
1989-01-01,-2.758,0.272,Moscow City,Russia
1989-02-01,-1.163,0.196,Moscow City,Russia
1989-03-01,1.557,0.376,Moscow City,Russia
1989-04-01,7.167,0.287,Moscow City,Russia
1989-05-01,12.945,0.169,Moscow City,Russia
1989-06-01,19.649,0.306,Moscow City,Russia
1989-07-01,18.383,0.228,Moscow City,Russia
1989-08-01,16.148,0.38,Moscow City,Russia
1989-09-01,12.048,0.199,Moscow City,Russia
1989-10-01,4.97,0.289,Moscow City,Russia
1989-11-01,-3.484,0.13,Moscow City,Russia
1989-12-01,-5.961,0.141,Moscow City,Russia
1990-01-01,-6.066,0.201,Moscow City,Russia
1990-02-01,-0.15,0.193,Moscow City,Russia
1990-03-01,1.755,0.314,Moscow City,Russia
1990-04-01,7.477,0.21,Moscow City,Russia
1990-05-01,10.26,0.249,Moscow City,Russia
1990-06-01,13.936,0.407,Moscow City,Russia
1990-07-01,16.964,0.265,Moscow City,Russia
1990-08-01,15.648,0.232,Moscow City,Russia
1990-09-01,9.23,0.27,Moscow City,Russia
1990-10-01,5.063,0.236,Moscow City,Russia
1990-11-01,0.044,0.332,Moscow City,Russia
1990-12-01,-4.472,0.223,Moscow City,Russia
1991-01-01,-6.677,0.198,Moscow City,Russia
1991-02-01,-7.591,0.252,Moscow City,Russia
1991-03-01,-2.27,0.233,Moscow City,Russia
1991-04-01,6.236,0.11,Moscow City,Russia
1991-05-01,12.762,0.169,Moscow City,Russia
1991-06-01,18.369,0.134,Moscow City,Russia
1991-07-01,17.873,0.37,Moscow City,Russia
1991-08-01,15.938,0.273,Moscow City,Russia
1991-09-01,10.916,0.147,Moscow City,Russia
1991-10-01,6.295,0.177,Moscow City,Russia
1991-11-01,0.371,0.238,Moscow City,Russia
1991-12-01,-4.796,0.262,Moscow City,Russia
1992-01-01,-5.685,0.313,Moscow City,Russia
1992-02-01,-5.156,0.23,Moscow City,Russia
1992-03-01,1.046,0.21,Moscow City,Russia
1992-04-01,4.479,0.218,Moscow City,Russia
1992-05-01,11.584,0.164,Moscow City,Russia
1992-06-01,16.101,0.319,Moscow City,Russia
1992-07-01,18.103,0.385,Moscow City,Russia
1992-08-01,17.983,0.485,Moscow City,Russia
1992-09-01,12.765,0.505,Moscow City,Russia
1992-10-01,1.695,0.172,Moscow City,Russia
1992-11-01,-3.132,0.341,Moscow City,Russia
1992-12-01,-5.47,0.513,Moscow City,Russia
1993-01-01,-5.213,0.171,Moscow City,Russia
1993-02-01,-5.395,0.29,Moscow City,Russia
1993-03-01,-2.641,0.352,Moscow City,Russia
1993-04-01,5.212,0.327,Moscow City,Russia
1993-05-01,14.003,0.291,Moscow City,Russia
1993-06-01,13.604,0.278,Moscow City,Russia
1993-07-01,17.072,0.261,Moscow City,Russia
1993-08-01,15.088,0.228,Moscow City,Russia
1993-09-01,6.987,0.207,Moscow City,Russia
1993-10-01,4.058,0.131,Moscow City,Russia
1993-11-01,-8.73,0.211,Moscow City,Russia
1993-12-01,-4.216,0.216,Moscow City,Russia
1994-01-01,-4.188,0.232,Moscow City,Russia
1994-02-01,-12.626,0.139,Moscow City,Russia
1994-03-01,-3.816,0.196,Moscow City,Russia
1994-04-01,6.646,0.146,Moscow City,Russia
1994-05-01,9.688,0.225,Moscow City,Russia
1994-06-01,14.331,0.336,Moscow City,Russia
1994-07-01,17.415,0.266,Moscow City,Russia
1994-08-01,15.554,0.165,Moscow City,Russia
1994-09-01,13.835,0.231,Moscow City,Russia
1994-10-01,4.689,0.168,Moscow City,Russia
1994-11-01,-2.702,0.331,Moscow City,Russia
1994-12-01,-9.248,0.377,Moscow City,Russia
1995-01-01,-6.971,0.18,Moscow City,Russia
1995-02-01,-1.486,0.228,Moscow City,Russia
1995-03-01,0.232,0.214,Moscow City,Russia
1995-04-01,8.129,0.161,Moscow City,Russia
1995-05-01,13.768,0.192,Moscow City,Russia
1995-06-01,18.896,0.299,Moscow City,Russia
1995-07-01,16.984,0.167,Moscow City,Russia
1995-08-01,16.419,0.098,Moscow City,Russia
1995-09-01,12.285,0.273,Moscow City,Russia
1995-10-01,6.058,0.258,Moscow City,Russia
1995-11-01,-3.397,0.218,Moscow City,Russia
1995-12-01,-10.322,0.135,Moscow City,Russia
1996-01-01,-11.346,0.374,Moscow City,Russia
1996-02-01,-11.11,0.268,Moscow City,Russia
1996-03-01,-4.648,0.28,Moscow City,Russia
1996-04-01,5.61,0.176,Moscow City,Russia
1996-05-01,15.227,0.248,Moscow City,Russia
1996-06-01,15.846,0.274,Moscow City,Russia
1996-07-01,18.221,0.128,Moscow City,Russia
1996-08-01,16.815,0.213,Moscow City,Russia
1996-09-01,9.52,0.159,Moscow City,Russia
1996-10-01,5.381,0.178,Moscow City,Russia
1996-11-01,3.472,0.164,Moscow City,Russia
1996-12-01,-8.365,0.183,Moscow City,Russia
1997-01-01,-8.424,0.284,Moscow City,Russia
1997-02-01,-5.38,0.246,Moscow City,Russia
1997-03-01,-1.619,0.38,Moscow City,Russia
1997-04-01,3.934,0.157,Moscow City,Russia
1997-05-01,11.035,0.202,Moscow City,Russia
1997-06-01,17.537,0.193,Moscow City,Russia
1997-07-01,18.264,0.2,Moscow City,Russia
1997-08-01,17.137,0.194,Moscow City,Russia
1997-09-01,8.393,0.248,Moscow City,Russia
1997-10-01,3.416,0.245,Moscow City,Russia
1997-11-01,-1.001,0.202,Moscow City,Russia
1997-12-01,-8.611,0.273,Moscow City,Russia
1998-01-01,-5.609,0.255,Moscow City,Russia
1998-02-01,-7.757,0.264,Moscow City,Russia
1998-03-01,-1.816,0.256,Moscow City,Russia
1998-04-01,3.586,0.203,Moscow City,Russia
1998-05-01,13.113,0.138,Moscow City,Russia
1998-06-01,18.966,0.339,Moscow City,Russia
1998-07-01,18.36,0.157,Moscow City,Russia
1998-08-01,15.074,0.193,Moscow City,Russia
1998-09-01,10.644,0.207,Moscow City,Russia
1998-10-01,5.077,0.233,Moscow City,Russia
1998-11-01,-8.663,0.17,Moscow City,Russia
1998-12-01,-7.32,0.277,Moscow City,Russia
1999-01-01,-5.12,0.344,Moscow City,Russia
1999-02-01,-7.131,0.201,Moscow City,Russia
1999-03-01,-1.613,0.139,Moscow City,Russia
1999-04-01,8.793,0.263,Moscow City,Russia
1999-05-01,8.457,0.179,Moscow City,Russia
1999-06-01,20.291,0.235,Moscow City,Russia
1999-07-01,21.157,0.23,Moscow City,Russia
1999-08-01,15.895,0.189,Moscow City,Russia
1999-09-01,11.407,0.188,Moscow City,Russia
1999-10-01,6.804,0.265,Moscow City,Russia
1999-11-01,-5.034,0.324,Moscow City,Russia
1999-12-01,-2.573,0.177,Moscow City,Russia
2000-01-01,-7.313,0.273,Moscow City,Russia
2000-02-01,-3.551,0.185,Moscow City,Russia
2000-03-01,-1.661,0.255,Moscow City,Russia
2000-04-01,10.096,0.168,Moscow City,Russia
2000-05-01,10.357,0.156,Moscow City,Russia
2000-06-01,15.243,0.183,Moscow City,Russia
2000-07-01,18.676,0.157,Moscow City,Russia
2000-08-01,16.42,0.219,Moscow City,Russia
2000-09-01,9.775,0.176,Moscow City,Russia
2000-10-01,6.611,0.217,Moscow City,Russia
2000-11-01,-0.168,0.264,Moscow City,Russia
2000-12-01,-2.954,0.38,Moscow City,Russia
2001-01-01,-4.914,0.283,Moscow City,Russia
2001-02-01,-7.761,0.182,Moscow City,Russia
2001-03-01,-2.833,0.215,Moscow City,Russia
2001-04-01,10.055,0.215,Moscow City,Russia
2001-05-01,11.012,0.199,Moscow City,Russia
2001-06-01,15.733,0.403,Moscow City,Russia
2001-07-01,22.306,0.324,Moscow City,Russia
2001-08-01,16.576,0.182,Moscow City,Russia
2001-09-01,11.631,0.219,Moscow City,Russia
2001-10-01,4.778,0.286,Moscow City,Russia
2001-11-01,-0.865,0.257,Moscow City,Russia
2001-12-01,-11.924,0.236,Moscow City,Russia
2002-01-01,-5.558,0.278,Moscow City,Russia
2002-02-01,-1.074,0.181,Moscow City,Russia
2002-03-01,1.883,0.216,Moscow City,Russia
2002-04-01,6.496,0.254,Moscow City,Russia
2002-05-01,12.188,0.144,Moscow City,Russia
2002-06-01,16.59,0.193,Moscow City,Russia
2002-07-01,21.742,0.284,Moscow City,Russia
2002-08-01,16.913,0.169,Moscow City,Russia
2002-09-01,11.588,0.18,Moscow City,Russia
2002-10-01,2.308,0.393,Moscow City,Russia
2002-11-01,-1.884,0.206,Moscow City,Russia
2002-12-01,-13.581,0.225,Moscow City,Russia
2003-01-01,-8.051,0.178,Moscow City,Russia
2003-02-01,-9.678,0.307,Moscow City,Russia
2003-03-01,-4.014,0.255,Moscow City,Russia
2003-04-01,3.705,0.235,Moscow City,Russia
2003-05-01,14.829,0.174,Moscow City,Russia
2003-06-01,12.697,0.399,Moscow City,Russia
2003-07-01,19.809,0.282,Moscow City,Russia
2003-08-01,16.519,0.344,Moscow City,Russia
2003-09-01,11.2,0.257,Moscow City,Russia
2003-10-01,4.898,0.31,Moscow City,Russia
2003-11-01,0.901,0.225,Moscow City,Russia
2003-12-01,-2.963,0.295,Moscow City,Russia
2004-01-01,-7.127,0.287,Moscow City,Russia
2004-02-01,-7.799,0.301,Moscow City,Russia
2004-03-01,0.756,0.368,Moscow City,Russia
2004-04-01,4.175,0.339,Moscow City,Russia
2004-05-01,10.914,0.198,Moscow City,Russia
2004-06-01,14.791,0.32,Moscow City,Russia
2004-07-01,18.381,0.235,Moscow City,Russia
2004-08-01,17.955,0.32,Moscow City,Russia
2004-09-01,11.871,0.219,Moscow City,Russia
2004-10-01,5.601,0.393,Moscow City,Russia
2004-11-01,-2.191,0.205,Moscow City,Russia
2004-12-01,-3.54,0.226,Moscow City,Russia
2005-01-01,-3.603,0.146,Moscow City,Russia
2005-02-01,-9.947,0.273,Moscow City,Russia
2005-03-01,-6.891,0.24,Moscow City,Russia
2005-04-01,6.462,0.181,Moscow City,Russia
2005-05-01,14.477,0.191,Moscow City,Russia
2005-06-01,15.657,0.166,Moscow City,Russia
2005-07-01,18.706,0.182,Moscow City,Russia
2005-08-01,17.126,0.201,Moscow City,Russia
2005-09-01,12.904,0.152,Moscow City,Russia
2005-10-01,5.708,0.33,Moscow City,Russia
2005-11-01,0.839,0.218,Moscow City,Russia
2005-12-01,-4.929,0.254,Moscow City,Russia
2006-01-01,-11.423,0.272,Moscow City,Russia
2006-02-01,-14.404,0.393,Moscow City,Russia
2006-03-01,-4.846,0.249,Moscow City,Russia
2006-04-01,5.279,0.279,Moscow City,Russia
2006-05-01,11.743,0.275,Moscow City,Russia
2006-06-01,17.616,0.199,Moscow City,Russia
2006-07-01,17.435,0.248,Moscow City,Russia
2006-08-01,17.216,0.259,Moscow City,Russia
2006-09-01,13.07,0.273,Moscow City,Russia
2006-10-01,6.606,0.166,Moscow City,Russia
2006-11-01,0.128,0.143,Moscow City,Russia
2006-12-01,0.512,0.198,Moscow City,Russia
2007-01-01,-2.403,0.239,Moscow City,Russia
2007-02-01,-11.949,0.237,Moscow City,Russia
2007-03-01,3.886,0.128,Moscow City,Russia
2007-04-01,5.02,0.174,Moscow City,Russia
2007-05-01,15.086,0.173,Moscow City,Russia
2007-06-01,16.667,0.183,Moscow City,Russia
2007-07-01,18.36,0.178,Moscow City,Russia
2007-08-01,19.571,0.23,Moscow City,Russia
2007-09-01,11.773,0.275,Moscow City,Russia
2007-10-01,6.446,0.155,Moscow City,Russia
2007-11-01,-2.523,0.218,Moscow City,Russia
2007-12-01,-2.81,0.254,Moscow City,Russia
2008-01-01,-6.81,0.227,Moscow City,Russia
2008-02-01,-2.197,0.197,Moscow City,Russia
2008-03-01,1.34,0.192,Moscow City,Russia
2008-04-01,8.806,0.255,Moscow City,Russia
2008-05-01,10.868,0.192,Moscow City,Russia
2008-06-01,15.058,0.249,Moscow City,Russia
2008-07-01,18.655,0.161,Moscow City,Russia
2008-08-01,17.7,0.402,Moscow City,Russia
2008-09-01,10.741,0.291,Moscow City,Russia
2008-10-01,8.24,0.169,Moscow City,Russia
2008-11-01,1.602,0.182,Moscow City,Russia
2008-12-01,-2.894,0.22,Moscow City,Russia
2009-01-01,-6.47,0.283,Moscow City,Russia
2009-02-01,-6.004,0.478,Moscow City,Russia
2009-03-01,-1.316,0.124,Moscow City,Russia
2009-04-01,4.611,0.335,Moscow City,Russia
2009-05-01,12.916,0.17,Moscow City,Russia
2009-06-01,16.741,0.263,Moscow City,Russia
2009-07-01,18.387,0.277,Moscow City,Russia
2009-08-01,15.403,0.3,Moscow City,Russia
2009-09-01,13.68,0.268,Moscow City,Russia
2009-10-01,5.473,0.182,Moscow City,Russia
2009-11-01,1.93,0.277,Moscow City,Russia
2009-12-01,-7.126,0.248,Moscow City,Russia
2010-01-01,-15.846,0.696,Moscow City,Russia
2010-02-01,-8.678,0.296,Moscow City,Russia
2010-03-01,-2.037,0.254,Moscow City,Russia
2010-04-01,7.55,0.205,Moscow City,Russia
2010-05-01,16.284,0.272,Moscow City,Russia
2010-06-01,18.568,0.295,Moscow City,Russia
2010-07-01,24.58,0.366,Moscow City,Russia
2010-08-01,21.478,0.267,Moscow City,Russia
2010-09-01,11.602,0.173,Moscow City,Russia
2010-10-01,3.298,0.132,Moscow City,Russia
2010-11-01,2.363,0.251,Moscow City,Russia
2010-12-01,-8.186,0.393,Moscow City,Russia
2011-01-01,-8.472,0.327,Moscow City,Russia
2011-02-01,-11.759,0.268,Moscow City,Russia
2011-03-01,-2.908,0.177,Moscow City,Russia
2011-04-01,5.729,0.182,Moscow City,Russia
2011-05-01,13.982,0.251,Moscow City,Russia
2011-06-01,18.437,0.417,Moscow City,Russia
2011-07-01,22.434,0.35,Moscow City,Russia
2011-08-01,18.149,0.236,Moscow City,Russia
2011-09-01,11.812,0.221,Moscow City,Russia
2011-10-01,5.926,0.322,Moscow City,Russia
2011-11-01,-0.344,0.223,Moscow City,Russia
2011-12-01,-0.868,0.336,Moscow City,Russia
2012-01-01,-7.713,0.373,Moscow City,Russia
2012-02-01,-12.533,0.23,Moscow City,Russia
2012-03-01,-3.467,0.21,Moscow City,Russia
2012-04-01,7.247,0.411,Moscow City,Russia
2012-05-01,14.592,0.297,Moscow City,Russia
2012-06-01,16.333,0.38,Moscow City,Russia
2012-07-01,20.001,0.358,Moscow City,Russia
2012-08-01,17.395,0.319,Moscow City,Russia
2012-09-01,12.509,0.238,Moscow City,Russia
2012-10-01,6.061,0.397,Moscow City,Russia
2012-11-01,1.076,0.438,Moscow City,Russia
2012-12-01,-9.09,0.503,Moscow City,Russia
2013-01-01,-9.23,0.687,Moscow City,Russia
2013-02-01,-4.726,0.773,Moscow City,Russia
2013-03-01,-7.497,0.606,Moscow City,Russia
2013-04-01,5.353,0.286,Moscow City,Russia
2013-05-01,16.152,0.29,Moscow City,Russia
2013-06-01,18.718,0.396,Moscow City,Russia
2013-07-01,18.136,0.315,Moscow City,Russia
2013-08-01,17.485,0.44,Moscow City,Russia
